<?xml version="1.0" encoding="UTF-8"?>
<mxfile host="app.diagrams.net" agent="Mozilla/5.0 (Windows NT 10.0; Win64; x64) AppleWebKit/537.36 (KHTML, like Gecko) Chrome/142.0.0.0 Safari/537.36" version="29.1.1">
  <diagram name="Page-1" id="FkSf-DfhHeAXr0GOqCKH">
    <mxGraphModel dx="2460" dy="710" grid="1" gridSize="10" guides="1" tooltips="1" connect="1" arrows="1" fold="1" page="1" pageScale="1" pageWidth="850" pageHeight="1100" math="0" shadow="0">
      <root>
        <mxCell id="0" />
        <mxCell id="1" parent="0" />
        <mxCell id="MtyLRBR5Rtzx75Xx6qSe-1" parent="1" style="whiteSpace=wrap;html=1;align=center;" value="Warehouse" vertex="1">
          <mxGeometry height="40" width="100" x="360" y="100" as="geometry" />
        </mxCell>
        <mxCell id="MtyLRBR5Rtzx75Xx6qSe-2" parent="1" style="ellipse;whiteSpace=wrap;html=1;align=center;fontStyle=4;" value="Warehouse_ID" vertex="1">
          <mxGeometry height="40" width="120" x="240" y="40" as="geometry" />
        </mxCell>
        <mxCell id="MtyLRBR5Rtzx75Xx6qSe-3" parent="1" style="ellipse;whiteSpace=wrap;html=1;align=center;" value="Zip_code" vertex="1">
          <mxGeometry height="40" width="100" x="80" y="40" as="geometry" />
        </mxCell>
        <mxCell id="MtyLRBR5Rtzx75Xx6qSe-4" parent="1" style="shape=rhombus;perimeter=rhombusPerimeter;whiteSpace=wrap;html=1;align=center;" value="Owns" vertex="1">
          <mxGeometry height="60" width="120" x="340" y="240" as="geometry" />
        </mxCell>
        <mxCell id="MtyLRBR5Rtzx75Xx6qSe-8" parent="1" style="ellipse;whiteSpace=wrap;html=1;align=center;" value="City" vertex="1">
          <mxGeometry height="40" width="100" x="30" y="100" as="geometry" />
        </mxCell>
        <mxCell id="MtyLRBR5Rtzx75Xx6qSe-9" parent="1" style="ellipse;whiteSpace=wrap;html=1;align=center;" value="Street" vertex="1">
          <mxGeometry height="40" width="100" x="80" y="160" as="geometry" />
        </mxCell>
        <mxCell id="MtyLRBR5Rtzx75Xx6qSe-10" parent="1" style="ellipse;whiteSpace=wrap;html=1;align=center;" value="Location" vertex="1">
          <mxGeometry height="40" width="100" x="200" y="100" as="geometry" />
        </mxCell>
        <mxCell id="MtyLRBR5Rtzx75Xx6qSe-11" parent="1" style="ellipse;whiteSpace=wrap;html=1;align=center;" value="Stock_amount" vertex="1">
          <mxGeometry height="30" width="100" x="410" y="30" as="geometry" />
        </mxCell>
        <mxCell id="MtyLRBR5Rtzx75Xx6qSe-12" parent="1" style="ellipse;whiteSpace=wrap;html=1;align=center;" value="Warehouse_name" vertex="1">
          <mxGeometry height="40" width="130" x="230" y="160" as="geometry" />
        </mxCell>
        <mxCell id="MtyLRBR5Rtzx75Xx6qSe-13" edge="1" parent="1" source="MtyLRBR5Rtzx75Xx6qSe-4" style="endArrow=none;html=1;rounded=0;entryX=0.5;entryY=1;entryDx=0;entryDy=0;exitX=0.5;exitY=0;exitDx=0;exitDy=0;" target="MtyLRBR5Rtzx75Xx6qSe-1" value="">
          <mxGeometry height="50" relative="1" width="50" as="geometry">
            <Array as="points" />
            <mxPoint x="400" y="240" as="sourcePoint" />
            <mxPoint x="435" y="190" as="targetPoint" />
          </mxGeometry>
        </mxCell>
        <mxCell id="MtyLRBR5Rtzx75Xx6qSe-14" edge="1" parent="1" source="MtyLRBR5Rtzx75Xx6qSe-1" style="endArrow=none;html=1;rounded=0;exitX=0;exitY=0.5;exitDx=0;exitDy=0;entryX=1;entryY=0.5;entryDx=0;entryDy=0;" target="MtyLRBR5Rtzx75Xx6qSe-10" value="">
          <mxGeometry height="50" relative="1" width="50" as="geometry">
            <Array as="points">
              <mxPoint x="330" y="120" />
            </Array>
            <mxPoint x="330" y="120" as="sourcePoint" />
            <mxPoint x="310" y="120" as="targetPoint" />
          </mxGeometry>
        </mxCell>
        <mxCell id="MtyLRBR5Rtzx75Xx6qSe-15" edge="1" parent="1" source="MtyLRBR5Rtzx75Xx6qSe-2" style="endArrow=none;html=1;rounded=0;exitX=1;exitY=0.5;exitDx=0;exitDy=0;entryX=0.25;entryY=0;entryDx=0;entryDy=0;" target="MtyLRBR5Rtzx75Xx6qSe-1" value="">
          <mxGeometry height="50" relative="1" width="50" as="geometry">
            <Array as="points" />
            <mxPoint x="370" y="70" as="sourcePoint" />
            <mxPoint x="400" y="100" as="targetPoint" />
          </mxGeometry>
        </mxCell>
        <mxCell id="MtyLRBR5Rtzx75Xx6qSe-16" edge="1" parent="1" source="MtyLRBR5Rtzx75Xx6qSe-12" style="endArrow=none;html=1;rounded=0;exitX=1;exitY=0.5;exitDx=0;exitDy=0;entryX=0.25;entryY=1;entryDx=0;entryDy=0;" target="MtyLRBR5Rtzx75Xx6qSe-1" value="">
          <mxGeometry height="50" relative="1" width="50" as="geometry">
            <Array as="points" />
            <mxPoint x="390" y="150" as="sourcePoint" />
            <mxPoint x="440" y="100" as="targetPoint" />
          </mxGeometry>
        </mxCell>
        <mxCell id="MtyLRBR5Rtzx75Xx6qSe-18" edge="1" parent="1" source="MtyLRBR5Rtzx75Xx6qSe-10" style="endArrow=none;html=1;rounded=0;exitX=0;exitY=0;exitDx=0;exitDy=0;entryX=1;entryY=0.5;entryDx=0;entryDy=0;" target="MtyLRBR5Rtzx75Xx6qSe-3" value="">
          <mxGeometry height="50" relative="1" width="50" as="geometry">
            <Array as="points" />
            <mxPoint x="190" y="100" as="sourcePoint" />
            <mxPoint x="230" y="50" as="targetPoint" />
          </mxGeometry>
        </mxCell>
        <mxCell id="MtyLRBR5Rtzx75Xx6qSe-20" edge="1" parent="1" source="MtyLRBR5Rtzx75Xx6qSe-8" style="endArrow=none;html=1;rounded=0;exitX=1;exitY=0.5;exitDx=0;exitDy=0;" target="MtyLRBR5Rtzx75Xx6qSe-10" value="">
          <mxGeometry height="50" relative="1" width="50" as="geometry">
            <Array as="points" />
            <mxPoint x="160" y="120" as="sourcePoint" />
            <mxPoint x="210" y="70" as="targetPoint" />
          </mxGeometry>
        </mxCell>
        <mxCell id="MtyLRBR5Rtzx75Xx6qSe-21" edge="1" parent="1" source="MtyLRBR5Rtzx75Xx6qSe-9" style="endArrow=none;html=1;rounded=0;exitX=1;exitY=0.5;exitDx=0;exitDy=0;exitPerimeter=0;entryX=0;entryY=1;entryDx=0;entryDy=0;" target="MtyLRBR5Rtzx75Xx6qSe-10" value="">
          <mxGeometry height="50" relative="1" width="50" as="geometry">
            <Array as="points" />
            <mxPoint x="190" y="180" as="sourcePoint" />
            <mxPoint x="230" y="140" as="targetPoint" />
          </mxGeometry>
        </mxCell>
        <mxCell id="MtyLRBR5Rtzx75Xx6qSe-22" edge="1" parent="1" source="MtyLRBR5Rtzx75Xx6qSe-1" style="endArrow=none;html=1;rounded=0;exitX=0.5;exitY=0;exitDx=0;exitDy=0;entryX=0.5;entryY=1;entryDx=0;entryDy=0;" target="MtyLRBR5Rtzx75Xx6qSe-11" value="">
          <mxGeometry height="50" relative="1" width="50" as="geometry">
            <Array as="points" />
            <mxPoint x="410" y="90" as="sourcePoint" />
            <mxPoint x="480" y="20" as="targetPoint" />
          </mxGeometry>
        </mxCell>
        <mxCell id="MtyLRBR5Rtzx75Xx6qSe-23" edge="1" parent="1" source="MtyLRBR5Rtzx75Xx6qSe-1" style="endArrow=none;html=1;rounded=0;exitX=1;exitY=0.5;exitDx=0;exitDy=0;entryX=0;entryY=0.5;entryDx=0;entryDy=0;" target="MtyLRBR5Rtzx75Xx6qSe-24" value="">
          <mxGeometry height="50" relative="1" width="50" as="geometry">
            <Array as="points" />
            <mxPoint x="470" y="120" as="sourcePoint" />
            <mxPoint x="520" y="120" as="targetPoint" />
          </mxGeometry>
        </mxCell>
        <mxCell id="MtyLRBR5Rtzx75Xx6qSe-24" parent="1" style="shape=rhombus;perimeter=rhombusPerimeter;whiteSpace=wrap;html=1;align=center;" value="Works_with" vertex="1">
          <mxGeometry height="60" width="120" x="550" y="90" as="geometry" />
        </mxCell>
        <mxCell id="MtyLRBR5Rtzx75Xx6qSe-25" edge="1" parent="1" source="MtyLRBR5Rtzx75Xx6qSe-30" style="endArrow=none;html=1;rounded=0;exitX=1;exitY=0.5;exitDx=0;exitDy=0;" value="">
          <mxGeometry height="50" relative="1" width="50" as="geometry">
            <Array as="points" />
            <mxPoint x="670" y="150" as="sourcePoint" />
            <mxPoint x="670" y="180" as="targetPoint" />
          </mxGeometry>
        </mxCell>
        <mxCell id="MtyLRBR5Rtzx75Xx6qSe-26" edge="1" parent="1" source="MtyLRBR5Rtzx75Xx6qSe-30" style="endArrow=none;html=1;rounded=0;exitX=0.75;exitY=0;exitDx=0;exitDy=0;" value="">
          <mxGeometry height="50" relative="1" width="50" as="geometry">
            <Array as="points" />
            <mxPoint x="700" y="170" as="sourcePoint" />
            <mxPoint x="720" y="90" as="targetPoint" />
          </mxGeometry>
        </mxCell>
        <mxCell id="MtyLRBR5Rtzx75Xx6qSe-27" edge="1" parent="1" source="MtyLRBR5Rtzx75Xx6qSe-30" style="endArrow=none;html=1;rounded=0;exitX=1;exitY=0;exitDx=0;exitDy=0;entryX=0.444;entryY=0.958;entryDx=0;entryDy=0;entryPerimeter=0;" target="MtyLRBR5Rtzx75Xx6qSe-37" value="">
          <mxGeometry height="50" relative="1" width="50" as="geometry">
            <Array as="points" />
            <mxPoint x="730" y="180" as="sourcePoint" />
            <mxPoint x="810" y="100" as="targetPoint" />
          </mxGeometry>
        </mxCell>
        <mxCell id="MtyLRBR5Rtzx75Xx6qSe-28" edge="1" parent="1" source="MtyLRBR5Rtzx75Xx6qSe-30" style="endArrow=none;html=1;rounded=0;exitX=1;exitY=0.75;exitDx=0;exitDy=0;entryX=0.083;entryY=0.5;entryDx=0;entryDy=0;entryPerimeter=0;" target="MtyLRBR5Rtzx75Xx6qSe-38" value="">
          <mxGeometry height="50" relative="1" width="50" as="geometry">
            <Array as="points" />
            <mxPoint x="740" y="200" as="sourcePoint" />
            <mxPoint x="800" y="190" as="targetPoint" />
          </mxGeometry>
        </mxCell>
        <mxCell id="MtyLRBR5Rtzx75Xx6qSe-29" edge="1" parent="1" source="MtyLRBR5Rtzx75Xx6qSe-30" style="endArrow=none;html=1;rounded=0;entryX=0;entryY=0.5;entryDx=0;entryDy=0;exitX=1;exitY=0.5;exitDx=0;exitDy=0;" target="MtyLRBR5Rtzx75Xx6qSe-35" value="">
          <mxGeometry height="50" relative="1" width="50" as="geometry">
            <Array as="points" />
            <mxPoint x="700" y="220" as="sourcePoint" />
            <mxPoint x="850" y="110" as="targetPoint" />
          </mxGeometry>
        </mxCell>
        <mxCell id="MtyLRBR5Rtzx75Xx6qSe-31" edge="1" parent="1" source="MtyLRBR5Rtzx75Xx6qSe-24" style="endArrow=none;html=1;rounded=0;exitX=1;exitY=0.5;exitDx=0;exitDy=0;" target="MtyLRBR5Rtzx75Xx6qSe-30" value="">
          <mxGeometry height="50" relative="1" width="50" as="geometry">
            <Array as="points" />
            <mxPoint x="670" y="120" as="sourcePoint" />
            <mxPoint x="670" y="180" as="targetPoint" />
          </mxGeometry>
        </mxCell>
        <mxCell id="MtyLRBR5Rtzx75Xx6qSe-30" parent="1" style="whiteSpace=wrap;html=1;align=center;" value="Carrier" vertex="1">
          <mxGeometry height="40" width="100" x="620" y="180" as="geometry" />
        </mxCell>
        <mxCell id="MtyLRBR5Rtzx75Xx6qSe-32" parent="1" style="text;html=1;whiteSpace=wrap;strokeColor=none;fillColor=none;align=center;verticalAlign=middle;rounded=0;" value="1" vertex="1">
          <mxGeometry height="30" width="60" x="470" y="90" as="geometry" />
        </mxCell>
        <mxCell id="MtyLRBR5Rtzx75Xx6qSe-33" parent="1" style="text;html=1;whiteSpace=wrap;strokeColor=none;fillColor=none;align=center;verticalAlign=middle;rounded=0;" value="N" vertex="1">
          <mxGeometry height="30" width="60" x="650" y="150" as="geometry" />
        </mxCell>
        <mxCell id="MtyLRBR5Rtzx75Xx6qSe-35" parent="1" style="ellipse;whiteSpace=wrap;html=1;align=center;fontStyle=4;" value="Carrier_ID" vertex="1">
          <mxGeometry height="40" width="80" x="830" y="110" as="geometry" />
        </mxCell>
        <mxCell id="MtyLRBR5Rtzx75Xx6qSe-36" parent="1" style="ellipse;whiteSpace=wrap;html=1;align=center;" value="Delivery_status" vertex="1">
          <mxGeometry height="40" width="110" x="670" y="60" as="geometry" />
        </mxCell>
        <mxCell id="MtyLRBR5Rtzx75Xx6qSe-37" parent="1" style="ellipse;whiteSpace=wrap;html=1;align=center;" value="Track_number" vertex="1">
          <mxGeometry height="40" width="130" x="760" y="10" as="geometry" />
        </mxCell>
        <mxCell id="MtyLRBR5Rtzx75Xx6qSe-38" parent="1" style="ellipse;whiteSpace=wrap;html=1;align=center;" value="First_name" vertex="1">
          <mxGeometry height="40" width="90" x="790" y="160" as="geometry" />
        </mxCell>
        <mxCell id="MtyLRBR5Rtzx75Xx6qSe-40" parent="1" style="ellipse;whiteSpace=wrap;html=1;align=center;" value="Phone" vertex="1">
          <mxGeometry height="40" width="90" x="645" y="240" as="geometry" />
        </mxCell>
        <mxCell id="MtyLRBR5Rtzx75Xx6qSe-41" parent="1" style="ellipse;whiteSpace=wrap;html=1;align=center;" value="Dalivered_at" vertex="1">
          <mxGeometry height="40" width="95" x="740" y="250" as="geometry" />
        </mxCell>
        <mxCell id="MtyLRBR5Rtzx75Xx6qSe-42" parent="1" style="ellipse;whiteSpace=wrap;html=1;align=center;" value="Email" vertex="1">
          <mxGeometry height="40" width="90" x="810" y="60" as="geometry" />
        </mxCell>
        <mxCell id="MtyLRBR5Rtzx75Xx6qSe-43" parent="1" style="ellipse;whiteSpace=wrap;html=1;align=center;" value="Last_name" vertex="1">
          <mxGeometry height="40" width="100" x="800" y="210" as="geometry" />
        </mxCell>
        <mxCell id="MtyLRBR5Rtzx75Xx6qSe-45" edge="1" parent="1" source="MtyLRBR5Rtzx75Xx6qSe-30" style="endArrow=none;html=1;rounded=0;exitX=1;exitY=1;exitDx=0;exitDy=0;entryX=0;entryY=0.5;entryDx=0;entryDy=0;" target="MtyLRBR5Rtzx75Xx6qSe-43" value="">
          <mxGeometry height="50" relative="1" width="50" as="geometry">
            <Array as="points" />
            <mxPoint x="720" y="250" as="sourcePoint" />
            <mxPoint x="800" y="220" as="targetPoint" />
          </mxGeometry>
        </mxCell>
        <mxCell id="MtyLRBR5Rtzx75Xx6qSe-46" edge="1" parent="1" source="MtyLRBR5Rtzx75Xx6qSe-30" style="endArrow=none;html=1;rounded=0;exitX=0.5;exitY=1;exitDx=0;exitDy=0;entryX=0.5;entryY=0;entryDx=0;entryDy=0;" target="MtyLRBR5Rtzx75Xx6qSe-40" value="">
          <mxGeometry height="50" relative="1" width="50" as="geometry">
            <Array as="points" />
            <mxPoint x="720" y="230" as="sourcePoint" />
            <mxPoint x="770" y="220" as="targetPoint" />
          </mxGeometry>
        </mxCell>
        <mxCell id="MtyLRBR5Rtzx75Xx6qSe-47" edge="1" parent="1" source="MtyLRBR5Rtzx75Xx6qSe-41" style="endArrow=none;html=1;rounded=0;entryX=0.75;entryY=1;entryDx=0;entryDy=0;exitX=0.5;exitY=0;exitDx=0;exitDy=0;" target="MtyLRBR5Rtzx75Xx6qSe-30" value="">
          <mxGeometry height="50" relative="1" width="50" as="geometry">
            <Array as="points" />
            <mxPoint x="720" y="250" as="sourcePoint" />
            <mxPoint x="720" y="220" as="targetPoint" />
          </mxGeometry>
        </mxCell>
        <mxCell id="MtyLRBR5Rtzx75Xx6qSe-48" edge="1" parent="1" source="MtyLRBR5Rtzx75Xx6qSe-30" style="endArrow=none;html=1;rounded=0;exitX=1;exitY=0.25;exitDx=0;exitDy=0;entryX=0;entryY=1;entryDx=0;entryDy=0;" target="MtyLRBR5Rtzx75Xx6qSe-42" value="">
          <mxGeometry height="50" relative="1" width="50" as="geometry">
            <Array as="points" />
            <mxPoint x="740" y="180" as="sourcePoint" />
            <mxPoint x="790" y="130" as="targetPoint" />
          </mxGeometry>
        </mxCell>
        <mxCell id="MtyLRBR5Rtzx75Xx6qSe-49" parent="1" style="whiteSpace=wrap;html=1;align=center;" value="Company" vertex="1">
          <mxGeometry height="40" width="100" x="350" y="400" as="geometry" />
        </mxCell>
        <mxCell id="MtyLRBR5Rtzx75Xx6qSe-50" edge="1" parent="1" source="MtyLRBR5Rtzx75Xx6qSe-49" style="endArrow=none;html=1;rounded=0;entryX=0.5;entryY=1;entryDx=0;entryDy=0;exitX=0.5;exitY=0;exitDx=0;exitDy=0;" target="MtyLRBR5Rtzx75Xx6qSe-4" value="">
          <mxGeometry height="50" relative="1" width="50" as="geometry">
            <Array as="points" />
            <mxPoint x="400" y="398" as="sourcePoint" />
            <mxPoint x="400" y="310" as="targetPoint" />
          </mxGeometry>
        </mxCell>
        <mxCell id="MtyLRBR5Rtzx75Xx6qSe-52" parent="1" style="text;html=1;whiteSpace=wrap;strokeColor=none;fillColor=none;align=center;verticalAlign=middle;rounded=0;" value="1" vertex="1">
          <mxGeometry height="30" width="60" x="380" y="340" as="geometry" />
        </mxCell>
        <mxCell id="MtyLRBR5Rtzx75Xx6qSe-53" parent="1" style="text;html=1;whiteSpace=wrap;strokeColor=none;fillColor=none;align=center;verticalAlign=middle;rounded=0;" value="N" vertex="1">
          <mxGeometry height="30" width="60" x="390" y="140" as="geometry" />
        </mxCell>
        <mxCell id="MtyLRBR5Rtzx75Xx6qSe-54" edge="1" parent="1" source="MtyLRBR5Rtzx75Xx6qSe-49" style="endArrow=none;html=1;rounded=0;exitX=0;exitY=0.25;exitDx=0;exitDy=0;" value="">
          <mxGeometry height="50" relative="1" width="50" as="geometry">
            <Array as="points" />
            <mxPoint x="320" y="380" as="sourcePoint" />
            <mxPoint x="320" y="370" as="targetPoint" />
          </mxGeometry>
        </mxCell>
        <mxCell id="MtyLRBR5Rtzx75Xx6qSe-55" edge="1" parent="1" source="MtyLRBR5Rtzx75Xx6qSe-49" style="endArrow=none;html=1;rounded=0;exitX=0;exitY=0.5;exitDx=0;exitDy=0;" value="">
          <mxGeometry height="50" relative="1" width="50" as="geometry">
            <Array as="points" />
            <mxPoint x="320" y="410" as="sourcePoint" />
            <mxPoint x="250" y="400" as="targetPoint" />
          </mxGeometry>
        </mxCell>
        <mxCell id="MtyLRBR5Rtzx75Xx6qSe-57" edge="1" parent="1" style="endArrow=none;html=1;rounded=0;entryX=0;entryY=1;entryDx=0;entryDy=0;" target="MtyLRBR5Rtzx75Xx6qSe-49" value="">
          <mxGeometry height="50" relative="1" width="50" as="geometry">
            <Array as="points" />
            <mxPoint x="310" y="480" as="sourcePoint" />
            <mxPoint x="320" y="332" as="targetPoint" />
          </mxGeometry>
        </mxCell>
        <mxCell id="MtyLRBR5Rtzx75Xx6qSe-58" edge="1" parent="1" style="endArrow=none;html=1;rounded=0;" value="">
          <mxGeometry height="50" relative="1" width="50" as="geometry">
            <Array as="points" />
            <mxPoint x="350" y="430" as="sourcePoint" />
            <mxPoint x="230" y="450" as="targetPoint" />
          </mxGeometry>
        </mxCell>
        <mxCell id="MtyLRBR5Rtzx75Xx6qSe-59" parent="1" style="ellipse;whiteSpace=wrap;html=1;align=center;" value="Company_address" vertex="1">
          <mxGeometry height="40" width="120" x="250" y="330" as="geometry" />
        </mxCell>
        <mxCell id="MtyLRBR5Rtzx75Xx6qSe-61" parent="1" style="ellipse;whiteSpace=wrap;html=1;align=center;" value="Contact" vertex="1">
          <mxGeometry height="40" width="100" x="140" y="440" as="geometry" />
        </mxCell>
        <mxCell id="MtyLRBR5Rtzx75Xx6qSe-62" parent="1" style="ellipse;whiteSpace=wrap;html=1;align=center;" value="Company_name" vertex="1">
          <mxGeometry height="40" width="100" x="270" y="480" as="geometry" />
        </mxCell>
        <mxCell id="MtyLRBR5Rtzx75Xx6qSe-64" parent="1" style="ellipse;whiteSpace=wrap;html=1;align=center;fontStyle=4;" value="Company_ID" vertex="1">
          <mxGeometry height="40" width="120" x="140" y="370" as="geometry" />
        </mxCell>
        <mxCell id="MtyLRBR5Rtzx75Xx6qSe-65" edge="1" parent="1" source="MtyLRBR5Rtzx75Xx6qSe-61" style="endArrow=none;html=1;rounded=0;exitX=0;exitY=0.5;exitDx=0;exitDy=0;" value="">
          <mxGeometry height="50" relative="1" width="50" as="geometry">
            <Array as="points" />
            <mxPoint x="130" y="470" as="sourcePoint" />
            <mxPoint x="50" y="480" as="targetPoint" />
          </mxGeometry>
        </mxCell>
        <mxCell id="MtyLRBR5Rtzx75Xx6qSe-66" edge="1" parent="1" source="MtyLRBR5Rtzx75Xx6qSe-61" style="endArrow=none;html=1;rounded=0;exitX=0;exitY=1;exitDx=0;exitDy=0;entryX=0.223;entryY=0.142;entryDx=0;entryDy=0;entryPerimeter=0;" target="MtyLRBR5Rtzx75Xx6qSe-74" value="">
          <mxGeometry height="50" relative="1" width="50" as="geometry">
            <Array as="points" />
            <mxPoint x="150" y="500" as="sourcePoint" />
            <mxPoint x="110" y="510" as="targetPoint" />
          </mxGeometry>
        </mxCell>
        <mxCell id="MtyLRBR5Rtzx75Xx6qSe-69" edge="1" parent="1" source="MtyLRBR5Rtzx75Xx6qSe-59" style="endArrow=none;html=1;rounded=0;exitX=0.3;exitY=0.048;exitDx=0;exitDy=0;exitPerimeter=0;" value="">
          <mxGeometry height="50" relative="1" width="50" as="geometry">
            <Array as="points" />
            <mxPoint x="180" y="300" as="sourcePoint" />
            <mxPoint x="220" y="260" as="targetPoint" />
          </mxGeometry>
        </mxCell>
        <mxCell id="MtyLRBR5Rtzx75Xx6qSe-70" edge="1" parent="1" source="MtyLRBR5Rtzx75Xx6qSe-59" style="endArrow=none;html=1;rounded=0;" value="">
          <mxGeometry height="50" relative="1" width="50" as="geometry">
            <Array as="points" />
            <mxPoint x="220" y="280" as="sourcePoint" />
            <mxPoint x="160" y="290" as="targetPoint" />
          </mxGeometry>
        </mxCell>
        <mxCell id="MtyLRBR5Rtzx75Xx6qSe-71" edge="1" parent="1" source="MtyLRBR5Rtzx75Xx6qSe-59" style="endArrow=none;html=1;rounded=0;exitX=0;exitY=0.5;exitDx=0;exitDy=0;" value="">
          <mxGeometry height="50" relative="1" width="50" as="geometry">
            <Array as="points" />
            <mxPoint x="230" y="340" as="sourcePoint" />
            <mxPoint x="190" y="330" as="targetPoint" />
          </mxGeometry>
        </mxCell>
        <mxCell id="MtyLRBR5Rtzx75Xx6qSe-72" edge="1" parent="1" source="MtyLRBR5Rtzx75Xx6qSe-59" style="endArrow=none;html=1;rounded=0;exitX=0.5;exitY=0;exitDx=0;exitDy=0;" value="">
          <mxGeometry height="50" relative="1" width="50" as="geometry">
            <Array as="points" />
            <mxPoint x="290" y="280" as="sourcePoint" />
            <mxPoint x="280" y="290" as="targetPoint" />
          </mxGeometry>
        </mxCell>
        <mxCell id="MtyLRBR5Rtzx75Xx6qSe-73" parent="1" style="ellipse;whiteSpace=wrap;html=1;align=center;" value="Email" vertex="1">
          <mxGeometry height="40" width="100" x="-10" y="480" as="geometry" />
        </mxCell>
        <mxCell id="MtyLRBR5Rtzx75Xx6qSe-74" parent="1" style="ellipse;whiteSpace=wrap;html=1;align=center;" value="Phone" vertex="1">
          <mxGeometry height="40" width="100" x="80" y="520" as="geometry" />
        </mxCell>
        <mxCell id="MtyLRBR5Rtzx75Xx6qSe-75" parent="1" style="ellipse;whiteSpace=wrap;html=1;align=center;" value="Street" vertex="1">
          <mxGeometry height="40" width="80" x="250" y="250" as="geometry" />
        </mxCell>
        <mxCell id="MtyLRBR5Rtzx75Xx6qSe-76" parent="1" style="ellipse;whiteSpace=wrap;html=1;align=center;" value="Building" vertex="1">
          <mxGeometry height="40" width="100" x="140" y="230" as="geometry" />
        </mxCell>
        <mxCell id="MtyLRBR5Rtzx75Xx6qSe-77" parent="1" style="ellipse;whiteSpace=wrap;html=1;align=center;" value="Zip_code" vertex="1">
          <mxGeometry height="40" width="100" x="70" y="270" as="geometry" />
        </mxCell>
        <mxCell id="MtyLRBR5Rtzx75Xx6qSe-78" parent="1" style="ellipse;whiteSpace=wrap;html=1;align=center;" value="City" vertex="1">
          <mxGeometry height="40" width="100" x="100" y="320" as="geometry" />
        </mxCell>
        <mxCell id="MtyLRBR5Rtzx75Xx6qSe-79" edge="1" parent="1" source="MtyLRBR5Rtzx75Xx6qSe-49" style="endArrow=none;html=1;rounded=0;exitX=1;exitY=0.5;exitDx=0;exitDy=0;" value="">
          <mxGeometry height="50" relative="1" width="50" as="geometry">
            <Array as="points" />
            <mxPoint x="470" y="420" as="sourcePoint" />
            <mxPoint x="530" y="420" as="targetPoint" />
          </mxGeometry>
        </mxCell>
        <mxCell id="MtyLRBR5Rtzx75Xx6qSe-80" parent="1" style="text;html=1;whiteSpace=wrap;strokeColor=none;fillColor=none;align=center;verticalAlign=middle;rounded=0;" value="1" vertex="1">
          <mxGeometry height="30" width="60" x="460" y="390" as="geometry" />
        </mxCell>
        <mxCell id="MtyLRBR5Rtzx75Xx6qSe-81" parent="1" style="shape=rhombus;perimeter=rhombusPerimeter;whiteSpace=wrap;html=1;align=center;" value="Manages" vertex="1">
          <mxGeometry height="60" width="120" x="530" y="390" as="geometry" />
        </mxCell>
        <mxCell id="MtyLRBR5Rtzx75Xx6qSe-82" edge="1" parent="1" source="MtyLRBR5Rtzx75Xx6qSe-81" style="endArrow=none;html=1;rounded=0;exitX=1;exitY=0.5;exitDx=0;exitDy=0;" value="">
          <mxGeometry height="50" relative="1" width="50" as="geometry">
            <Array as="points" />
            <mxPoint x="660" y="420" as="sourcePoint" />
            <mxPoint x="710" y="460" as="targetPoint" />
          </mxGeometry>
        </mxCell>
        <mxCell id="MtyLRBR5Rtzx75Xx6qSe-83" parent="1" style="text;html=1;whiteSpace=wrap;strokeColor=none;fillColor=none;align=center;verticalAlign=middle;rounded=0;" value="N" vertex="1">
          <mxGeometry height="30" width="60" x="670" y="420" as="geometry" />
        </mxCell>
        <mxCell id="MtyLRBR5Rtzx75Xx6qSe-84" parent="1" style="whiteSpace=wrap;html=1;align=center;" value="User" vertex="1">
          <mxGeometry height="40" width="100" x="710" y="460" as="geometry" />
        </mxCell>
        <mxCell id="MtyLRBR5Rtzx75Xx6qSe-85" edge="1" parent="1" style="endArrow=none;html=1;rounded=0;entryX=0;entryY=0.75;entryDx=0;entryDy=0;" target="MtyLRBR5Rtzx75Xx6qSe-84" value="">
          <mxGeometry height="50" relative="1" width="50" as="geometry">
            <Array as="points" />
            <mxPoint x="620" y="500" as="sourcePoint" />
            <mxPoint x="710" y="500" as="targetPoint" />
          </mxGeometry>
        </mxCell>
        <mxCell id="MtyLRBR5Rtzx75Xx6qSe-86" parent="1" style="shape=rhombus;perimeter=rhombusPerimeter;whiteSpace=wrap;html=1;align=center;" value="Check" vertex="1">
          <mxGeometry height="60" width="120" x="500" y="470" as="geometry" />
        </mxCell>
        <mxCell id="MtyLRBR5Rtzx75Xx6qSe-87" parent="1" style="text;html=1;whiteSpace=wrap;strokeColor=none;fillColor=none;align=center;verticalAlign=middle;rounded=0;" value="M" vertex="1">
          <mxGeometry height="30" width="60" x="660" y="470" as="geometry" />
        </mxCell>
        <mxCell id="MtyLRBR5Rtzx75Xx6qSe-88" edge="1" parent="1" source="MtyLRBR5Rtzx75Xx6qSe-84" style="endArrow=none;html=1;rounded=0;exitX=0.25;exitY=0;exitDx=0;exitDy=0;" value="">
          <mxGeometry height="50" relative="1" width="50" as="geometry">
            <mxPoint x="780" y="430" as="sourcePoint" />
            <mxPoint x="740" y="390" as="targetPoint" />
          </mxGeometry>
        </mxCell>
        <mxCell id="MtyLRBR5Rtzx75Xx6qSe-89" edge="1" parent="1" source="MtyLRBR5Rtzx75Xx6qSe-84" style="endArrow=none;html=1;rounded=0;exitX=0.5;exitY=0;exitDx=0;exitDy=0;" value="">
          <mxGeometry height="50" relative="1" width="50" as="geometry">
            <mxPoint x="760" y="430" as="sourcePoint" />
            <mxPoint x="780" y="380" as="targetPoint" />
          </mxGeometry>
        </mxCell>
        <mxCell id="MtyLRBR5Rtzx75Xx6qSe-90" edge="1" parent="1" style="endArrow=none;html=1;rounded=0;entryX=0.5;entryY=1;entryDx=0;entryDy=0;" target="MtyLRBR5Rtzx75Xx6qSe-101" value="">
          <mxGeometry height="50" relative="1" width="50" as="geometry">
            <mxPoint x="778" y="460" as="sourcePoint" />
            <mxPoint x="810" y="410" as="targetPoint" />
          </mxGeometry>
        </mxCell>
        <mxCell id="MtyLRBR5Rtzx75Xx6qSe-93" edge="1" parent="1" source="MtyLRBR5Rtzx75Xx6qSe-84" style="endArrow=none;html=1;rounded=0;exitX=1;exitY=0.5;exitDx=0;exitDy=0;entryX=0;entryY=0.5;entryDx=0;entryDy=0;" target="MtyLRBR5Rtzx75Xx6qSe-106" value="">
          <mxGeometry height="50" relative="1" width="50" as="geometry">
            <mxPoint x="820" y="470" as="sourcePoint" />
            <mxPoint x="860" y="460" as="targetPoint" />
          </mxGeometry>
        </mxCell>
        <mxCell id="MtyLRBR5Rtzx75Xx6qSe-94" edge="1" parent="1" source="MtyLRBR5Rtzx75Xx6qSe-104" style="endArrow=none;html=1;rounded=0;entryX=1;entryY=0.75;entryDx=0;entryDy=0;exitX=0;exitY=0.5;exitDx=0;exitDy=0;" target="MtyLRBR5Rtzx75Xx6qSe-84" value="">
          <mxGeometry height="50" relative="1" width="50" as="geometry">
            <mxPoint x="900" y="490" as="sourcePoint" />
            <mxPoint x="820" y="490" as="targetPoint" />
          </mxGeometry>
        </mxCell>
        <mxCell id="MtyLRBR5Rtzx75Xx6qSe-96" edge="1" parent="1" source="MtyLRBR5Rtzx75Xx6qSe-105" style="endArrow=none;html=1;rounded=0;entryX=1;entryY=1;entryDx=0;entryDy=0;entryPerimeter=0;exitX=0.363;exitY=0.075;exitDx=0;exitDy=0;exitPerimeter=0;" target="MtyLRBR5Rtzx75Xx6qSe-84" value="">
          <mxGeometry height="50" relative="1" width="50" as="geometry">
            <mxPoint x="880" y="530" as="sourcePoint" />
            <mxPoint x="820" y="500" as="targetPoint" />
          </mxGeometry>
        </mxCell>
        <mxCell id="MtyLRBR5Rtzx75Xx6qSe-98" parent="1" style="ellipse;whiteSpace=wrap;html=1;align=center;" value="User_address" vertex="1">
          <mxGeometry height="40" width="100" x="660" y="360" as="geometry" />
        </mxCell>
        <mxCell id="MtyLRBR5Rtzx75Xx6qSe-100" parent="1" style="ellipse;whiteSpace=wrap;html=1;align=center;fontStyle=4;" value="Role" vertex="1">
          <mxGeometry height="40" width="80" x="760" y="350" as="geometry" />
        </mxCell>
        <mxCell id="MtyLRBR5Rtzx75Xx6qSe-102" edge="1" parent="1" source="MtyLRBR5Rtzx75Xx6qSe-84" style="endArrow=none;html=1;rounded=0;exitX=1;exitY=0;exitDx=0;exitDy=0;entryX=0;entryY=0.5;entryDx=0;entryDy=0;" target="MtyLRBR5Rtzx75Xx6qSe-103" value="">
          <mxGeometry height="50" relative="1" width="50" as="geometry">
            <Array as="points" />
            <mxPoint x="810" y="460" as="sourcePoint" />
            <mxPoint x="900" y="440" as="targetPoint" />
          </mxGeometry>
        </mxCell>
        <mxCell id="MtyLRBR5Rtzx75Xx6qSe-101" parent="1" style="ellipse;whiteSpace=wrap;html=1;align=center;fontStyle=4;" value="User_ID" vertex="1">
          <mxGeometry height="40" width="100" x="835" y="330" as="geometry" />
        </mxCell>
        <mxCell id="MtyLRBR5Rtzx75Xx6qSe-103" parent="1" style="ellipse;whiteSpace=wrap;html=1;align=center;" value="Registration_date" vertex="1">
          <mxGeometry height="40" width="110" x="920" y="410" as="geometry" />
        </mxCell>
        <mxCell id="MtyLRBR5Rtzx75Xx6qSe-104" parent="1" style="ellipse;whiteSpace=wrap;html=1;align=center;" value="Email" vertex="1">
          <mxGeometry height="40" width="100" x="920" y="490" as="geometry" />
        </mxCell>
        <mxCell id="MtyLRBR5Rtzx75Xx6qSe-105" parent="1" style="ellipse;whiteSpace=wrap;html=1;align=center;" value="First_name" vertex="1">
          <mxGeometry height="40" width="100" x="850" y="530" as="geometry" />
        </mxCell>
        <mxCell id="MtyLRBR5Rtzx75Xx6qSe-106" parent="1" style="ellipse;whiteSpace=wrap;html=1;align=center;" value="Phone" vertex="1">
          <mxGeometry height="40" width="100" x="860" y="450" as="geometry" />
        </mxCell>
        <mxCell id="MtyLRBR5Rtzx75Xx6qSe-107" parent="1" style="ellipse;whiteSpace=wrap;html=1;align=center;" value="Last_name" vertex="1">
          <mxGeometry height="40" width="100" x="770" y="560" as="geometry" />
        </mxCell>
        <mxCell id="MtyLRBR5Rtzx75Xx6qSe-108" edge="1" parent="1" source="MtyLRBR5Rtzx75Xx6qSe-107" style="endArrow=none;html=1;rounded=0;exitX=0.5;exitY=0;exitDx=0;exitDy=0;entryX=0.75;entryY=1;entryDx=0;entryDy=0;" target="MtyLRBR5Rtzx75Xx6qSe-84" value="">
          <mxGeometry height="50" relative="1" width="50" as="geometry">
            <mxPoint x="780" y="530" as="sourcePoint" />
            <mxPoint x="790" y="510" as="targetPoint" />
          </mxGeometry>
        </mxCell>
        <mxCell id="MtyLRBR5Rtzx75Xx6qSe-111" edge="1" parent="1" source="uyyJSMG4bkGhr9j-D_U4-74" style="endArrow=none;html=1;rounded=0;entryX=0;entryY=0.5;entryDx=0;entryDy=0;exitX=0.75;exitY=0;exitDx=0;exitDy=0;" target="MtyLRBR5Rtzx75Xx6qSe-86" value="">
          <mxGeometry height="50" relative="1" width="50" as="geometry">
            <mxPoint x="350" y="530" as="sourcePoint" />
            <mxPoint x="400" y="480" as="targetPoint" />
          </mxGeometry>
        </mxCell>
        <mxCell id="MtyLRBR5Rtzx75Xx6qSe-121" parent="1" style="text;html=1;whiteSpace=wrap;strokeColor=none;fillColor=none;align=center;verticalAlign=middle;rounded=0;" value="N" vertex="1">
          <mxGeometry height="30" width="60" x="370" y="560" as="geometry" />
        </mxCell>
        <mxCell id="MtyLRBR5Rtzx75Xx6qSe-127" edge="1" parent="1" source="MtyLRBR5Rtzx75Xx6qSe-129" style="endArrow=none;html=1;rounded=0;entryX=0.25;entryY=1;entryDx=0;entryDy=0;exitX=0.5;exitY=0;exitDx=0;exitDy=0;" target="uyyJSMG4bkGhr9j-D_U4-74" value="">
          <mxGeometry height="50" relative="1" width="50" as="geometry">
            <mxPoint x="460" y="830" as="sourcePoint" />
            <mxPoint x="490" y="680" as="targetPoint" />
          </mxGeometry>
        </mxCell>
        <mxCell id="MtyLRBR5Rtzx75Xx6qSe-128" parent="1" style="text;html=1;whiteSpace=wrap;strokeColor=none;fillColor=none;align=center;verticalAlign=middle;rounded=0;" value="N" vertex="1">
          <mxGeometry height="30" width="60" x="195" y="845" as="geometry" />
        </mxCell>
        <mxCell id="MtyLRBR5Rtzx75Xx6qSe-129" parent="1" style="shape=rhombus;perimeter=rhombusPerimeter;whiteSpace=wrap;html=1;align=center;" value="Owns" vertex="1">
          <mxGeometry height="60" width="120" x="290" y="740" as="geometry" />
        </mxCell>
        <mxCell id="MtyLRBR5Rtzx75Xx6qSe-134" edge="1" parent="1" source="MtyLRBR5Rtzx75Xx6qSe-129" style="endArrow=none;html=1;rounded=0;exitX=0.5;exitY=1;exitDx=0;exitDy=0;entryX=0.5;entryY=0;entryDx=0;entryDy=0;" target="uyyJSMG4bkGhr9j-D_U4-54" value="">
          <mxGeometry height="50" relative="1" width="50" as="geometry">
            <mxPoint x="279.72" y="897.51" as="sourcePoint" />
            <mxPoint x="280" y="920" as="targetPoint" />
          </mxGeometry>
        </mxCell>
        <mxCell id="MtyLRBR5Rtzx75Xx6qSe-135" parent="1" style="text;html=1;whiteSpace=wrap;strokeColor=none;fillColor=none;align=center;verticalAlign=middle;rounded=0;" value="1" vertex="1">
          <mxGeometry height="30" width="60" x="340" y="635" as="geometry" />
        </mxCell>
        <mxCell id="MtyLRBR5Rtzx75Xx6qSe-142" edge="1" parent="1" style="endArrow=none;html=1;rounded=0;entryX=0.25;entryY=1;entryDx=0;entryDy=0;" target="MtyLRBR5Rtzx75Xx6qSe-84" value="">
          <mxGeometry height="50" relative="1" width="50" as="geometry">
            <mxPoint x="720" y="640" as="sourcePoint" />
            <mxPoint x="730" y="510" as="targetPoint" />
          </mxGeometry>
        </mxCell>
        <mxCell id="MtyLRBR5Rtzx75Xx6qSe-143" parent="1" style="ellipse;whiteSpace=wrap;html=1;aspect=fixed;" value="d" vertex="1">
          <mxGeometry height="30" width="30" x="700" y="640" as="geometry" />
        </mxCell>
        <mxCell id="MtyLRBR5Rtzx75Xx6qSe-144" edge="1" parent="1" style="endArrow=none;html=1;rounded=0;entryX=0;entryY=0.5;entryDx=0;entryDy=0;" target="MtyLRBR5Rtzx75Xx6qSe-143" value="">
          <mxGeometry height="50" relative="1" width="50" as="geometry">
            <mxPoint x="640" y="720" as="sourcePoint" />
            <mxPoint x="690" y="660" as="targetPoint" />
          </mxGeometry>
        </mxCell>
        <mxCell id="MtyLRBR5Rtzx75Xx6qSe-145" edge="1" parent="1" source="MtyLRBR5Rtzx75Xx6qSe-143" style="endArrow=none;html=1;rounded=0;exitX=0.5;exitY=1;exitDx=0;exitDy=0;entryX=0.5;entryY=0;entryDx=0;entryDy=0;" target="MtyLRBR5Rtzx75Xx6qSe-148" value="">
          <mxGeometry height="50" relative="1" width="50" as="geometry">
            <mxPoint x="680" y="630" as="sourcePoint" />
            <mxPoint x="690" y="760" as="targetPoint" />
          </mxGeometry>
        </mxCell>
        <mxCell id="MtyLRBR5Rtzx75Xx6qSe-146" edge="1" parent="1" source="MtyLRBR5Rtzx75Xx6qSe-143" style="endArrow=none;html=1;rounded=0;exitX=1;exitY=1;exitDx=0;exitDy=0;entryX=0;entryY=0;entryDx=0;entryDy=0;" target="MtyLRBR5Rtzx75Xx6qSe-149" value="">
          <mxGeometry height="50" relative="1" width="50" as="geometry">
            <mxPoint x="680" y="630" as="sourcePoint" />
            <mxPoint x="780" y="710" as="targetPoint" />
          </mxGeometry>
        </mxCell>
        <mxCell id="MtyLRBR5Rtzx75Xx6qSe-147" parent="1" style="whiteSpace=wrap;html=1;align=center;" value="Seller" vertex="1">
          <mxGeometry height="40" width="100" x="570" y="720" as="geometry" />
        </mxCell>
        <mxCell id="MtyLRBR5Rtzx75Xx6qSe-148" parent="1" style="whiteSpace=wrap;html=1;align=center;" value="Employee" vertex="1">
          <mxGeometry height="40" width="100" x="750" y="830" as="geometry" />
        </mxCell>
        <mxCell id="MtyLRBR5Rtzx75Xx6qSe-149" parent="1" style="whiteSpace=wrap;html=1;align=center;" value="Customer" vertex="1">
          <mxGeometry height="40" width="100" x="870" y="710" as="geometry" />
        </mxCell>
        <mxCell id="MtyLRBR5Rtzx75Xx6qSe-151" parent="1" style="ellipse;whiteSpace=wrap;html=1;align=center;" value="Seller_company_name" vertex="1">
          <mxGeometry height="40" width="150" x="555" y="820" as="geometry" />
        </mxCell>
        <mxCell id="MtyLRBR5Rtzx75Xx6qSe-153" parent="1" style="ellipse;whiteSpace=wrap;html=1;align=center;" value="Total_sales" vertex="1">
          <mxGeometry height="40" width="100" x="490" y="770" as="geometry" />
        </mxCell>
        <mxCell id="MtyLRBR5Rtzx75Xx6qSe-154" edge="1" parent="1" source="MtyLRBR5Rtzx75Xx6qSe-153" style="endArrow=none;html=1;rounded=0;entryX=0;entryY=0.75;entryDx=0;entryDy=0;exitX=0.5;exitY=0;exitDx=0;exitDy=0;" target="MtyLRBR5Rtzx75Xx6qSe-147" value="">
          <mxGeometry height="50" relative="1" width="50" as="geometry">
            <mxPoint x="510" y="930" as="sourcePoint" />
            <mxPoint x="560" y="880" as="targetPoint" />
          </mxGeometry>
        </mxCell>
        <mxCell id="MtyLRBR5Rtzx75Xx6qSe-155" edge="1" parent="1" source="MtyLRBR5Rtzx75Xx6qSe-151" style="endArrow=none;html=1;rounded=0;entryX=0.5;entryY=1;entryDx=0;entryDy=0;" target="MtyLRBR5Rtzx75Xx6qSe-147" value="">
          <mxGeometry height="50" relative="1" width="50" as="geometry">
            <mxPoint x="550" y="950" as="sourcePoint" />
            <mxPoint x="600" y="900" as="targetPoint" />
          </mxGeometry>
        </mxCell>
        <mxCell id="MtyLRBR5Rtzx75Xx6qSe-158" edge="1" parent="1" source="MtyLRBR5Rtzx75Xx6qSe-164" style="endArrow=none;html=1;rounded=0;entryX=0.25;entryY=1;entryDx=0;entryDy=0;exitX=1;exitY=0;exitDx=0;exitDy=0;" target="MtyLRBR5Rtzx75Xx6qSe-148" value="">
          <mxGeometry height="50" relative="1" width="50" as="geometry">
            <mxPoint x="650" y="990" as="sourcePoint" />
            <mxPoint x="820" y="880" as="targetPoint" />
          </mxGeometry>
        </mxCell>
        <mxCell id="MtyLRBR5Rtzx75Xx6qSe-159" edge="1" parent="1" style="endArrow=none;html=1;rounded=0;entryX=0.7;entryY=1;entryDx=0;entryDy=0;entryPerimeter=0;" target="MtyLRBR5Rtzx75Xx6qSe-148" value="">
          <mxGeometry height="50" relative="1" width="50" as="geometry">
            <mxPoint x="770" y="1040" as="sourcePoint" />
            <mxPoint x="820" y="880" as="targetPoint" />
          </mxGeometry>
        </mxCell>
        <mxCell id="MtyLRBR5Rtzx75Xx6qSe-160" edge="1" parent="1" style="endArrow=none;html=1;rounded=0;entryX=0.5;entryY=1;entryDx=0;entryDy=0;" target="MtyLRBR5Rtzx75Xx6qSe-148" value="">
          <mxGeometry height="50" relative="1" width="50" as="geometry">
            <mxPoint x="750" y="940" as="sourcePoint" />
            <mxPoint x="800" y="880" as="targetPoint" />
          </mxGeometry>
        </mxCell>
        <mxCell id="MtyLRBR5Rtzx75Xx6qSe-164" parent="1" style="ellipse;whiteSpace=wrap;html=1;align=center;" value="Position_title" vertex="1">
          <mxGeometry height="40" width="100" x="580" y="940" as="geometry" />
        </mxCell>
        <mxCell id="MtyLRBR5Rtzx75Xx6qSe-165" parent="1" style="ellipse;whiteSpace=wrap;html=1;align=center;" value="Hire_data" vertex="1">
          <mxGeometry height="40" width="100" x="690" y="940" as="geometry" />
        </mxCell>
        <mxCell id="MtyLRBR5Rtzx75Xx6qSe-166" parent="1" style="ellipse;whiteSpace=wrap;html=1;align=center;" value="Work_shift" vertex="1">
          <mxGeometry height="40" width="100" x="720" y="1040" as="geometry" />
        </mxCell>
        <mxCell id="MtyLRBR5Rtzx75Xx6qSe-167" edge="1" parent="1" source="MtyLRBR5Rtzx75Xx6qSe-168" style="endArrow=none;html=1;rounded=0;exitX=0.223;exitY=0.158;exitDx=0;exitDy=0;exitPerimeter=0;" value="">
          <mxGeometry height="50" relative="1" width="50" as="geometry">
            <mxPoint x="830" y="940" as="sourcePoint" />
            <mxPoint x="840" y="870" as="targetPoint" />
          </mxGeometry>
        </mxCell>
        <mxCell id="MtyLRBR5Rtzx75Xx6qSe-168" parent="1" style="ellipse;whiteSpace=wrap;html=1;align=center;" value="Salary" vertex="1">
          <mxGeometry height="40" width="100" x="800" y="940" as="geometry" />
        </mxCell>
        <mxCell id="MtyLRBR5Rtzx75Xx6qSe-169" parent="1" style="ellipse;whiteSpace=wrap;html=1;align=center;" value="Department" vertex="1">
          <mxGeometry height="40" width="100" x="925" y="970" as="geometry" />
        </mxCell>
        <mxCell id="MtyLRBR5Rtzx75Xx6qSe-170" parent="1" style="ellipse;whiteSpace=wrap;html=1;align=center;" value="Supervisor_ID" vertex="1">
          <mxGeometry height="40" width="100" x="910" y="910" as="geometry" />
        </mxCell>
        <mxCell id="MtyLRBR5Rtzx75Xx6qSe-171" edge="1" parent="1" source="MtyLRBR5Rtzx75Xx6qSe-169" style="endArrow=none;html=1;rounded=0;exitX=0;exitY=0.5;exitDx=0;exitDy=0;" value="">
          <mxGeometry height="50" relative="1" width="50" as="geometry">
            <mxPoint x="890" y="920" as="sourcePoint" />
            <mxPoint x="850" y="870" as="targetPoint" />
          </mxGeometry>
        </mxCell>
        <mxCell id="MtyLRBR5Rtzx75Xx6qSe-172" edge="1" parent="1" source="MtyLRBR5Rtzx75Xx6qSe-170" style="endArrow=none;html=1;rounded=0;exitX=0;exitY=0.5;exitDx=0;exitDy=0;entryX=1;entryY=0.75;entryDx=0;entryDy=0;" target="MtyLRBR5Rtzx75Xx6qSe-148" value="">
          <mxGeometry height="50" relative="1" width="50" as="geometry">
            <mxPoint x="760" y="930" as="sourcePoint" />
            <mxPoint x="810" y="880" as="targetPoint" />
          </mxGeometry>
        </mxCell>
        <mxCell id="MtyLRBR5Rtzx75Xx6qSe-173" edge="1" parent="1" style="endArrow=none;html=1;rounded=0;" value="">
          <mxGeometry height="50" relative="1" width="50" as="geometry">
            <mxPoint x="900" y="710" as="sourcePoint" />
            <mxPoint x="910" y="670" as="targetPoint" />
          </mxGeometry>
        </mxCell>
        <mxCell id="MtyLRBR5Rtzx75Xx6qSe-174" edge="1" parent="1" style="endArrow=none;html=1;rounded=0;" value="">
          <mxGeometry height="50" relative="1" width="50" as="geometry">
            <mxPoint x="920" y="710" as="sourcePoint" />
            <mxPoint x="970" y="670" as="targetPoint" />
          </mxGeometry>
        </mxCell>
        <mxCell id="MtyLRBR5Rtzx75Xx6qSe-175" parent="1" style="ellipse;whiteSpace=wrap;html=1;align=center;" value="Membership_level" vertex="1">
          <mxGeometry height="40" width="120" x="830" y="630" as="geometry" />
        </mxCell>
        <mxCell id="MtyLRBR5Rtzx75Xx6qSe-176" parent="1" style="ellipse;whiteSpace=wrap;html=1;align=center;" value="Shipping_address" vertex="1">
          <mxGeometry height="40" width="110" x="970" y="650" as="geometry" />
        </mxCell>
        <mxCell id="MtyLRBR5Rtzx75Xx6qSe-178" edge="1" parent="1" source="MtyLRBR5Rtzx75Xx6qSe-180" style="endArrow=none;html=1;rounded=0;entryX=1;entryY=0.75;entryDx=0;entryDy=0;exitX=0;exitY=0.5;exitDx=0;exitDy=0;" target="MtyLRBR5Rtzx75Xx6qSe-149" value="">
          <mxGeometry height="50" relative="1" width="50" as="geometry">
            <mxPoint x="1070" y="760" as="sourcePoint" />
            <mxPoint x="980" y="730" as="targetPoint" />
          </mxGeometry>
        </mxCell>
        <mxCell id="MtyLRBR5Rtzx75Xx6qSe-179" parent="1" style="text;html=1;whiteSpace=wrap;strokeColor=none;fillColor=none;align=center;verticalAlign=middle;rounded=0;" value="1" vertex="1">
          <mxGeometry height="30" width="60" x="960" y="720" as="geometry" />
        </mxCell>
        <mxCell id="MtyLRBR5Rtzx75Xx6qSe-180" parent="1" style="shape=rhombus;perimeter=rhombusPerimeter;whiteSpace=wrap;html=1;align=center;" value="Place" vertex="1">
          <mxGeometry height="60" width="120" x="1055" y="710" as="geometry" />
        </mxCell>
        <mxCell id="MtyLRBR5Rtzx75Xx6qSe-181" edge="1" parent="1" source="MtyLRBR5Rtzx75Xx6qSe-183" style="endArrow=none;html=1;rounded=0;entryX=1;entryY=0.5;entryDx=0;entryDy=0;exitX=0.5;exitY=0;exitDx=0;exitDy=0;" target="MtyLRBR5Rtzx75Xx6qSe-180" value="">
          <mxGeometry height="50" relative="1" width="50" as="geometry">
            <mxPoint x="1170" y="870" as="sourcePoint" />
            <mxPoint x="1110" y="790" as="targetPoint" />
          </mxGeometry>
        </mxCell>
        <mxCell id="MtyLRBR5Rtzx75Xx6qSe-182" parent="1" style="text;html=1;whiteSpace=wrap;strokeColor=none;fillColor=none;align=center;verticalAlign=middle;rounded=0;" value="N" vertex="1">
          <mxGeometry height="30" width="60" x="1160" y="835" as="geometry" />
        </mxCell>
        <mxCell id="MtyLRBR5Rtzx75Xx6qSe-183" parent="1" style="whiteSpace=wrap;html=1;align=center;" value="Order" vertex="1">
          <mxGeometry height="40" width="100" x="1120" y="870" as="geometry" />
        </mxCell>
        <mxCell id="MtyLRBR5Rtzx75Xx6qSe-185" parent="1" style="ellipse;whiteSpace=wrap;html=1;align=center;fontStyle=4;" value="Order_ID" vertex="1">
          <mxGeometry height="40" width="120" x="1275" y="890" as="geometry" />
        </mxCell>
        <mxCell id="MtyLRBR5Rtzx75Xx6qSe-186" parent="1" style="ellipse;whiteSpace=wrap;html=1;align=center;" value="Order_date" vertex="1">
          <mxGeometry height="40" width="100" x="1280" y="835" as="geometry" />
        </mxCell>
        <mxCell id="MtyLRBR5Rtzx75Xx6qSe-187" edge="1" parent="1" source="MtyLRBR5Rtzx75Xx6qSe-183" style="endArrow=none;html=1;rounded=0;exitX=1;exitY=0.25;exitDx=0;exitDy=0;entryX=0;entryY=0.5;entryDx=0;entryDy=0;" target="MtyLRBR5Rtzx75Xx6qSe-186" value="">
          <mxGeometry height="50" relative="1" width="50" as="geometry">
            <mxPoint x="1270" y="810" as="sourcePoint" />
            <mxPoint x="1320" y="760" as="targetPoint" />
          </mxGeometry>
        </mxCell>
        <mxCell id="MtyLRBR5Rtzx75Xx6qSe-188" edge="1" parent="1" source="MtyLRBR5Rtzx75Xx6qSe-183" style="endArrow=none;html=1;rounded=0;exitX=1;exitY=0.5;exitDx=0;exitDy=0;entryX=0;entryY=0.5;entryDx=0;entryDy=0;" target="MtyLRBR5Rtzx75Xx6qSe-185" value="">
          <mxGeometry height="50" relative="1" width="50" as="geometry">
            <mxPoint x="1270" y="810" as="sourcePoint" />
            <mxPoint x="1320" y="760" as="targetPoint" />
          </mxGeometry>
        </mxCell>
        <mxCell id="MtyLRBR5Rtzx75Xx6qSe-189" parent="1" style="shape=rhombus;double=1;perimeter=rhombusPerimeter;whiteSpace=wrap;html=1;align=center;" value="Leads" vertex="1">
          <mxGeometry height="60" width="120" x="1230" y="980" as="geometry" />
        </mxCell>
        <mxCell id="MtyLRBR5Rtzx75Xx6qSe-190" edge="1" parent="1" source="MtyLRBR5Rtzx75Xx6qSe-189" style="endArrow=none;html=1;rounded=0;entryX=0.67;entryY=1.042;entryDx=0;entryDy=0;entryPerimeter=0;exitX=0;exitY=0;exitDx=0;exitDy=0;" target="MtyLRBR5Rtzx75Xx6qSe-183" value="">
          <mxGeometry height="50" relative="1" width="50" as="geometry">
            <mxPoint x="1130" y="1020" as="sourcePoint" />
            <mxPoint x="1180" y="970" as="targetPoint" />
          </mxGeometry>
        </mxCell>
        <mxCell id="MtyLRBR5Rtzx75Xx6qSe-191" parent="1" style="text;html=1;whiteSpace=wrap;strokeColor=none;fillColor=none;align=center;verticalAlign=middle;rounded=0;" value="1" vertex="1">
          <mxGeometry height="30" width="60" x="1190" y="910" as="geometry" />
        </mxCell>
        <mxCell id="MtyLRBR5Rtzx75Xx6qSe-192" edge="1" parent="1" source="MtyLRBR5Rtzx75Xx6qSe-193" style="endArrow=none;html=1;rounded=0;entryX=0.25;entryY=1;entryDx=0;entryDy=0;exitX=0.5;exitY=0;exitDx=0;exitDy=0;" target="MtyLRBR5Rtzx75Xx6qSe-183" value="">
          <mxGeometry height="50" relative="1" width="50" as="geometry">
            <mxPoint x="1090" y="1030" as="sourcePoint" />
            <mxPoint x="1150" y="920" as="targetPoint" />
          </mxGeometry>
        </mxCell>
        <mxCell id="MtyLRBR5Rtzx75Xx6qSe-193" parent="1" style="shape=rhombus;perimeter=rhombusPerimeter;whiteSpace=wrap;html=1;align=center;" value="Leads" vertex="1">
          <mxGeometry height="60" width="120" x="1010" y="1010" as="geometry" />
        </mxCell>
        <mxCell id="MtyLRBR5Rtzx75Xx6qSe-194" parent="1" style="text;html=1;whiteSpace=wrap;strokeColor=none;fillColor=none;align=center;verticalAlign=middle;rounded=0;" value="1" vertex="1">
          <mxGeometry height="30" width="60" x="1095" y="910" as="geometry" />
        </mxCell>
        <mxCell id="MtyLRBR5Rtzx75Xx6qSe-197" edge="1" parent="1" style="endArrow=none;html=1;rounded=0;entryX=0;entryY=1;entryDx=0;entryDy=0;" target="uyyJSMG4bkGhr9j-D_U4-83" value="">
          <mxGeometry height="50" relative="1" width="50" as="geometry">
            <mxPoint x="1330" y="1140" as="sourcePoint" />
            <mxPoint x="1380" y="1090" as="targetPoint" />
          </mxGeometry>
        </mxCell>
        <mxCell id="MtyLRBR5Rtzx75Xx6qSe-198" edge="1" parent="1" source="MtyLRBR5Rtzx75Xx6qSe-206" style="endArrow=none;html=1;rounded=0;entryX=0;entryY=0.25;entryDx=0;entryDy=0;exitX=1;exitY=0.5;exitDx=0;exitDy=0;" target="MtyLRBR5Rtzx75Xx6qSe-202" value="">
          <mxGeometry height="50" relative="1" width="50" as="geometry">
            <mxPoint x="1180" y="1140" as="sourcePoint" />
            <mxPoint x="1210" y="1130" as="targetPoint" />
          </mxGeometry>
        </mxCell>
        <mxCell id="MtyLRBR5Rtzx75Xx6qSe-199" edge="1" parent="1" source="MtyLRBR5Rtzx75Xx6qSe-202" style="endArrow=none;html=1;rounded=0;entryX=1;entryY=0;entryDx=0;entryDy=0;exitX=0;exitY=0;exitDx=0;exitDy=0;" target="MtyLRBR5Rtzx75Xx6qSe-205" value="">
          <mxGeometry height="50" relative="1" width="50" as="geometry">
            <mxPoint x="1268" y="1138" as="sourcePoint" />
            <mxPoint x="1220" y="1100" as="targetPoint" />
          </mxGeometry>
        </mxCell>
        <mxCell id="MtyLRBR5Rtzx75Xx6qSe-200" edge="1" parent="1" source="MtyLRBR5Rtzx75Xx6qSe-202" style="endArrow=none;html=1;rounded=0;exitX=0.377;exitY=-0.008;exitDx=0;exitDy=0;exitPerimeter=0;" value="">
          <mxGeometry height="50" relative="1" width="50" as="geometry">
            <mxPoint x="1300" y="1090" as="sourcePoint" />
            <mxPoint x="1300" y="1036" as="targetPoint" />
          </mxGeometry>
        </mxCell>
        <mxCell id="MtyLRBR5Rtzx75Xx6qSe-201" edge="1" parent="1" source="MtyLRBR5Rtzx75Xx6qSe-203" style="endArrow=none;html=1;rounded=0;entryX=0.5;entryY=1;entryDx=0;entryDy=0;exitX=0.128;exitY=1.033;exitDx=0;exitDy=0;exitPerimeter=0;" target="MtyLRBR5Rtzx75Xx6qSe-189" value="">
          <mxGeometry height="50" relative="1" width="50" as="geometry">
            <mxPoint x="1290" y="1090" as="sourcePoint" />
            <mxPoint x="1290" y="1050" as="targetPoint" />
          </mxGeometry>
        </mxCell>
        <mxCell id="MtyLRBR5Rtzx75Xx6qSe-202" parent="1" style="shape=ext;margin=3;double=1;whiteSpace=wrap;html=1;align=center;" value="Order_item" vertex="1">
          <mxGeometry height="40" width="100" x="1260" y="1140" as="geometry" />
        </mxCell>
        <mxCell id="MtyLRBR5Rtzx75Xx6qSe-203" parent="1" style="text;html=1;whiteSpace=wrap;strokeColor=none;fillColor=none;align=center;verticalAlign=middle;rounded=0;" value="N" vertex="1">
          <mxGeometry height="30" width="60" x="1280" y="1110" as="geometry" />
        </mxCell>
        <mxCell id="MtyLRBR5Rtzx75Xx6qSe-204" edge="1" parent="1" source="MtyLRBR5Rtzx75Xx6qSe-207" style="endArrow=none;html=1;rounded=0;entryX=0;entryY=0.5;entryDx=0;entryDy=0;exitX=1;exitY=0;exitDx=0;exitDy=0;" target="MtyLRBR5Rtzx75Xx6qSe-202" value="">
          <mxGeometry height="50" relative="1" width="50" as="geometry">
            <mxPoint x="1200" y="1180" as="sourcePoint" />
            <mxPoint x="1250" y="1160" as="targetPoint" />
          </mxGeometry>
        </mxCell>
        <mxCell id="MtyLRBR5Rtzx75Xx6qSe-205" parent="1" style="ellipse;whiteSpace=wrap;html=1;align=center;" value="Quantity" vertex="1">
          <mxGeometry height="40" width="100" x="1120" y="1090" as="geometry" />
        </mxCell>
        <mxCell id="MtyLRBR5Rtzx75Xx6qSe-206" parent="1" style="ellipse;whiteSpace=wrap;html=1;align=center;" value="Unit_price" vertex="1">
          <mxGeometry height="40" width="100" x="1010" y="1130" as="geometry" />
        </mxCell>
        <mxCell id="MtyLRBR5Rtzx75Xx6qSe-207" parent="1" style="ellipse;whiteSpace=wrap;html=1;align=center;" value="Subtotal" vertex="1">
          <mxGeometry height="40" width="100" x="1100" y="1180" as="geometry" />
        </mxCell>
        <mxCell id="MtyLRBR5Rtzx75Xx6qSe-209" edge="1" parent="1" source="MtyLRBR5Rtzx75Xx6qSe-210" style="endArrow=none;html=1;rounded=0;entryX=0.25;entryY=0;entryDx=0;entryDy=0;exitX=0;exitY=0.5;exitDx=0;exitDy=0;" target="MtyLRBR5Rtzx75Xx6qSe-211" value="">
          <mxGeometry height="50" relative="1" width="50" as="geometry">
            <mxPoint x="1370" y="1240" as="sourcePoint" />
            <mxPoint x="1310" y="1200" as="targetPoint" />
          </mxGeometry>
        </mxCell>
        <mxCell id="MtyLRBR5Rtzx75Xx6qSe-210" parent="1" style="shape=rhombus;perimeter=rhombusPerimeter;whiteSpace=wrap;html=1;align=center;" value="Processed_for" vertex="1">
          <mxGeometry height="60" width="120" x="1350" y="1220" as="geometry" />
        </mxCell>
        <mxCell id="MtyLRBR5Rtzx75Xx6qSe-211" parent="1" style="text;html=1;whiteSpace=wrap;strokeColor=none;fillColor=none;align=center;verticalAlign=middle;rounded=0;" value="1" vertex="1">
          <mxGeometry height="30" width="60" x="1330" y="1180" as="geometry" />
        </mxCell>
        <mxCell id="MtyLRBR5Rtzx75Xx6qSe-212" edge="1" parent="1" style="endArrow=none;html=1;rounded=0;" value="">
          <mxGeometry height="50" relative="1" width="50" as="geometry">
            <mxPoint x="1450" y="1240" as="sourcePoint" />
            <mxPoint x="1500" y="1190" as="targetPoint" />
          </mxGeometry>
        </mxCell>
        <mxCell id="MtyLRBR5Rtzx75Xx6qSe-213" parent="1" style="whiteSpace=wrap;html=1;align=center;" value="Return_item" vertex="1">
          <mxGeometry height="40" width="100" x="1470" y="1150" as="geometry" />
        </mxCell>
        <mxCell id="MtyLRBR5Rtzx75Xx6qSe-214" edge="1" parent="1" style="endArrow=none;html=1;rounded=0;entryX=0.5;entryY=1;entryDx=0;entryDy=0;" target="MtyLRBR5Rtzx75Xx6qSe-221" value="">
          <mxGeometry height="50" relative="1" width="50" as="geometry">
            <mxPoint x="1530" y="1150" as="sourcePoint" />
            <mxPoint x="1580" y="1100" as="targetPoint" />
          </mxGeometry>
        </mxCell>
        <mxCell id="MtyLRBR5Rtzx75Xx6qSe-215" edge="1" parent="1" style="endArrow=none;html=1;rounded=0;entryX=0;entryY=0.5;entryDx=0;entryDy=0;" target="MtyLRBR5Rtzx75Xx6qSe-218" value="">
          <mxGeometry height="50" relative="1" width="50" as="geometry">
            <mxPoint x="1570" y="1170" as="sourcePoint" />
            <mxPoint x="1620" y="1120" as="targetPoint" />
          </mxGeometry>
        </mxCell>
        <mxCell id="MtyLRBR5Rtzx75Xx6qSe-216" edge="1" parent="1" style="endArrow=none;html=1;rounded=0;entryX=0;entryY=0.5;entryDx=0;entryDy=0;" target="MtyLRBR5Rtzx75Xx6qSe-220" value="">
          <mxGeometry height="50" relative="1" width="50" as="geometry">
            <mxPoint x="1560" y="1150" as="sourcePoint" />
            <mxPoint x="1670" y="1090" as="targetPoint" />
          </mxGeometry>
        </mxCell>
        <mxCell id="MtyLRBR5Rtzx75Xx6qSe-217" edge="1" parent="1" style="endArrow=none;html=1;rounded=0;" target="MtyLRBR5Rtzx75Xx6qSe-219" value="">
          <mxGeometry height="50" relative="1" width="50" as="geometry">
            <mxPoint x="1570" y="1185" as="sourcePoint" />
            <mxPoint x="1630" y="1150" as="targetPoint" />
          </mxGeometry>
        </mxCell>
        <mxCell id="MtyLRBR5Rtzx75Xx6qSe-218" parent="1" style="ellipse;whiteSpace=wrap;html=1;align=center;" value="Request_status" vertex="1">
          <mxGeometry height="40" width="100" x="1650" y="1120" as="geometry" />
        </mxCell>
        <mxCell id="MtyLRBR5Rtzx75Xx6qSe-219" parent="1" style="ellipse;whiteSpace=wrap;html=1;align=center;" value="Reason" vertex="1">
          <mxGeometry height="40" width="100" x="1660" y="1170" as="geometry" />
        </mxCell>
        <mxCell id="MtyLRBR5Rtzx75Xx6qSe-220" parent="1" style="ellipse;whiteSpace=wrap;html=1;align=center;" value="Requested_at" vertex="1">
          <mxGeometry height="40" width="110" x="1650" y="1070" as="geometry" />
        </mxCell>
        <mxCell id="MtyLRBR5Rtzx75Xx6qSe-221" parent="1" style="ellipse;whiteSpace=wrap;html=1;align=center;fontStyle=4;" value="Return_request_ID" vertex="1">
          <mxGeometry height="40" width="120" x="1540" y="1040" as="geometry" />
        </mxCell>
        <mxCell id="MtyLRBR5Rtzx75Xx6qSe-222" parent="1" style="text;html=1;whiteSpace=wrap;strokeColor=none;fillColor=none;align=center;verticalAlign=middle;rounded=0;" value="1" vertex="1">
          <mxGeometry height="30" width="60" x="1440" y="1190" as="geometry" />
        </mxCell>
        <mxCell id="MtyLRBR5Rtzx75Xx6qSe-223" edge="1" parent="1" source="MtyLRBR5Rtzx75Xx6qSe-226" style="endArrow=none;html=1;rounded=0;entryX=1;entryY=1;entryDx=0;entryDy=0;exitX=0;exitY=0.25;exitDx=0;exitDy=0;" target="MtyLRBR5Rtzx75Xx6qSe-210" value="">
          <mxGeometry height="50" relative="1" width="50" as="geometry">
            <mxPoint x="1530" y="1320" as="sourcePoint" />
            <mxPoint x="1460" y="1290" as="targetPoint" />
          </mxGeometry>
        </mxCell>
        <mxCell id="MtyLRBR5Rtzx75Xx6qSe-225" parent="1" style="text;html=1;whiteSpace=wrap;strokeColor=none;fillColor=none;align=center;verticalAlign=middle;rounded=0;" value="1" vertex="1">
          <mxGeometry height="30" width="60" x="1500" y="1300" as="geometry" />
        </mxCell>
        <mxCell id="MtyLRBR5Rtzx75Xx6qSe-226" parent="1" style="whiteSpace=wrap;html=1;align=center;" value="Refund" vertex="1">
          <mxGeometry height="40" width="100" x="1540" y="1320" as="geometry" />
        </mxCell>
        <mxCell id="MtyLRBR5Rtzx75Xx6qSe-227" edge="1" parent="1" source="uyyJSMG4bkGhr9j-D_U4-6" style="endArrow=none;html=1;rounded=0;entryX=0.75;entryY=1;entryDx=0;entryDy=0;exitX=0;exitY=0;exitDx=0;exitDy=0;" target="MtyLRBR5Rtzx75Xx6qSe-226" value="">
          <mxGeometry height="50" relative="1" width="50" as="geometry">
            <mxPoint x="1660" y="1420" as="sourcePoint" />
            <mxPoint x="1570" y="1390" as="targetPoint" />
          </mxGeometry>
        </mxCell>
        <mxCell id="uyyJSMG4bkGhr9j-D_U4-1" edge="1" parent="1" source="MtyLRBR5Rtzx75Xx6qSe-226" style="endArrow=none;html=1;rounded=0;exitX=1;exitY=0.75;exitDx=0;exitDy=0;entryX=0;entryY=0.5;entryDx=0;entryDy=0;" target="uyyJSMG4bkGhr9j-D_U4-7" value="">
          <mxGeometry height="50" relative="1" width="50" as="geometry">
            <mxPoint x="1670" y="1400" as="sourcePoint" />
            <mxPoint x="1730" y="1400" as="targetPoint" />
          </mxGeometry>
        </mxCell>
        <mxCell id="uyyJSMG4bkGhr9j-D_U4-2" edge="1" parent="1" source="uyyJSMG4bkGhr9j-D_U4-5" style="endArrow=none;html=1;rounded=0;entryX=0.5;entryY=1;entryDx=0;entryDy=0;exitX=0.5;exitY=0;exitDx=0;exitDy=0;" target="MtyLRBR5Rtzx75Xx6qSe-226" value="">
          <mxGeometry height="50" relative="1" width="50" as="geometry">
            <mxPoint x="1620" y="1460" as="sourcePoint" />
            <mxPoint x="1580" y="1410" as="targetPoint" />
          </mxGeometry>
        </mxCell>
        <mxCell id="uyyJSMG4bkGhr9j-D_U4-3" edge="1" parent="1" source="uyyJSMG4bkGhr9j-D_U4-4" style="endArrow=none;html=1;rounded=0;entryX=0.4;entryY=1;entryDx=0;entryDy=0;entryPerimeter=0;exitX=0.731;exitY=0.125;exitDx=0;exitDy=0;exitPerimeter=0;" target="MtyLRBR5Rtzx75Xx6qSe-226" value="">
          <mxGeometry height="50" relative="1" width="50" as="geometry">
            <mxPoint x="1580" y="1430" as="sourcePoint" />
            <mxPoint x="1560" y="1420" as="targetPoint" />
          </mxGeometry>
        </mxCell>
        <mxCell id="uyyJSMG4bkGhr9j-D_U4-4" parent="1" style="ellipse;whiteSpace=wrap;html=1;align=center;fontStyle=4;" value="Refund_ID" vertex="1">
          <mxGeometry height="40" width="120" x="1510" y="1440" as="geometry" />
        </mxCell>
        <mxCell id="uyyJSMG4bkGhr9j-D_U4-5" parent="1" style="ellipse;whiteSpace=wrap;html=1;align=center;" value="Processed_at" vertex="1">
          <mxGeometry height="40" width="100" x="1620" y="1470" as="geometry" />
        </mxCell>
        <mxCell id="uyyJSMG4bkGhr9j-D_U4-6" parent="1" style="ellipse;whiteSpace=wrap;html=1;align=center;" value="Amount" vertex="1">
          <mxGeometry height="40" width="100" x="1700" y="1430" as="geometry" />
        </mxCell>
        <mxCell id="uyyJSMG4bkGhr9j-D_U4-7" parent="1" style="ellipse;whiteSpace=wrap;html=1;align=center;" value="Reason" vertex="1">
          <mxGeometry height="40" width="100" x="1740" y="1380" as="geometry" />
        </mxCell>
        <mxCell id="uyyJSMG4bkGhr9j-D_U4-8" edge="1" parent="1" source="uyyJSMG4bkGhr9j-D_U4-10" style="endArrow=none;html=1;rounded=0;entryX=0.25;entryY=1;entryDx=0;entryDy=0;exitX=0.5;exitY=0;exitDx=0;exitDy=0;" target="MtyLRBR5Rtzx75Xx6qSe-202" value="">
          <mxGeometry height="50" relative="1" width="50" as="geometry">
            <mxPoint x="1180" y="1320" as="sourcePoint" />
            <mxPoint x="1220" y="1400" as="targetPoint" />
          </mxGeometry>
        </mxCell>
        <mxCell id="uyyJSMG4bkGhr9j-D_U4-10" parent="1" style="shape=rhombus;perimeter=rhombusPerimeter;whiteSpace=wrap;html=1;align=center;" value="Writes" vertex="1">
          <mxGeometry height="60" width="120" x="1155" y="1340" as="geometry" />
        </mxCell>
        <mxCell id="uyyJSMG4bkGhr9j-D_U4-11" parent="1" style="text;html=1;whiteSpace=wrap;strokeColor=none;fillColor=none;align=center;verticalAlign=middle;rounded=0;" value="M" vertex="1">
          <mxGeometry height="30" width="60" x="1230" y="1190" as="geometry" />
        </mxCell>
        <mxCell id="uyyJSMG4bkGhr9j-D_U4-12" edge="1" parent="1" source="uyyJSMG4bkGhr9j-D_U4-15" style="endArrow=none;html=1;rounded=0;entryX=0.5;entryY=1;entryDx=0;entryDy=0;exitX=0.25;exitY=0;exitDx=0;exitDy=0;" target="uyyJSMG4bkGhr9j-D_U4-10" value="">
          <mxGeometry height="50" relative="1" width="50" as="geometry">
            <mxPoint x="1290" y="1420" as="sourcePoint" />
            <mxPoint x="1340" y="1370" as="targetPoint" />
          </mxGeometry>
        </mxCell>
        <mxCell id="uyyJSMG4bkGhr9j-D_U4-14" parent="1" style="text;html=1;whiteSpace=wrap;strokeColor=none;fillColor=none;align=center;verticalAlign=middle;rounded=0;" value="N" vertex="1">
          <mxGeometry height="30" width="60" x="1200" y="1435" as="geometry" />
        </mxCell>
        <mxCell id="uyyJSMG4bkGhr9j-D_U4-15" parent="1" style="whiteSpace=wrap;html=1;align=center;" value="Review" vertex="1">
          <mxGeometry height="40" width="80" x="1200" y="1460" as="geometry" />
        </mxCell>
        <mxCell id="uyyJSMG4bkGhr9j-D_U4-16" edge="1" parent="1" source="uyyJSMG4bkGhr9j-D_U4-22" style="endArrow=none;html=1;rounded=0;entryX=0.5;entryY=1;entryDx=0;entryDy=0;exitX=0.777;exitY=0.058;exitDx=0;exitDy=0;exitPerimeter=0;" target="uyyJSMG4bkGhr9j-D_U4-15" value="">
          <mxGeometry height="50" relative="1" width="50" as="geometry">
            <mxPoint x="1340" y="1500" as="sourcePoint" />
            <mxPoint x="1325" y="1465" as="targetPoint" />
          </mxGeometry>
        </mxCell>
        <mxCell id="uyyJSMG4bkGhr9j-D_U4-17" edge="1" parent="1" source="uyyJSMG4bkGhr9j-D_U4-21" style="endArrow=none;html=1;rounded=0;entryX=0.75;entryY=1;entryDx=0;entryDy=0;exitX=0.65;exitY=0.008;exitDx=0;exitDy=0;exitPerimeter=0;" target="uyyJSMG4bkGhr9j-D_U4-15" value="">
          <mxGeometry height="50" relative="1" width="50" as="geometry">
            <mxPoint x="1385" y="1530" as="sourcePoint" />
            <mxPoint x="1370" y="1470" as="targetPoint" />
          </mxGeometry>
        </mxCell>
        <mxCell id="uyyJSMG4bkGhr9j-D_U4-18" edge="1" parent="1" source="uyyJSMG4bkGhr9j-D_U4-15" style="endArrow=none;html=1;rounded=0;exitX=1;exitY=0.75;exitDx=0;exitDy=0;entryX=0;entryY=0;entryDx=0;entryDy=0;" target="uyyJSMG4bkGhr9j-D_U4-23" value="">
          <mxGeometry height="50" relative="1" width="50" as="geometry">
            <mxPoint x="1410" y="1425" as="sourcePoint" />
            <mxPoint x="1460" y="1470" as="targetPoint" />
          </mxGeometry>
        </mxCell>
        <mxCell id="uyyJSMG4bkGhr9j-D_U4-19" edge="1" parent="1" source="uyyJSMG4bkGhr9j-D_U4-15" style="endArrow=none;html=1;rounded=0;exitX=1;exitY=0.5;exitDx=0;exitDy=0;entryX=0;entryY=0.5;entryDx=0;entryDy=0;" target="uyyJSMG4bkGhr9j-D_U4-24" value="">
          <mxGeometry height="50" relative="1" width="50" as="geometry">
            <mxPoint x="1410" y="1425" as="sourcePoint" />
            <mxPoint x="1450" y="1420" as="targetPoint" />
          </mxGeometry>
        </mxCell>
        <mxCell id="uyyJSMG4bkGhr9j-D_U4-20" edge="1" parent="1" source="uyyJSMG4bkGhr9j-D_U4-25" style="endArrow=none;html=1;rounded=0;entryX=1;entryY=1;entryDx=0;entryDy=0;exitX=0;exitY=0;exitDx=0;exitDy=0;" target="uyyJSMG4bkGhr9j-D_U4-15" value="">
          <mxGeometry height="50" relative="1" width="50" as="geometry">
            <mxPoint x="1410" y="1480" as="sourcePoint" />
            <mxPoint x="1440" y="1440" as="targetPoint" />
          </mxGeometry>
        </mxCell>
        <mxCell id="uyyJSMG4bkGhr9j-D_U4-21" parent="1" style="ellipse;whiteSpace=wrap;html=1;align=center;" value="Comment" vertex="1">
          <mxGeometry height="40" width="100" x="1175" y="1600" as="geometry" />
        </mxCell>
        <mxCell id="uyyJSMG4bkGhr9j-D_U4-22" parent="1" style="ellipse;whiteSpace=wrap;html=1;align=center;" value="Review_rating" vertex="1">
          <mxGeometry height="40" width="100" x="1100" y="1560" as="geometry" />
        </mxCell>
        <mxCell id="uyyJSMG4bkGhr9j-D_U4-23" parent="1" style="ellipse;whiteSpace=wrap;html=1;align=center;" value="Created_at" vertex="1">
          <mxGeometry height="40" width="100" x="1320" y="1550" as="geometry" />
        </mxCell>
        <mxCell id="uyyJSMG4bkGhr9j-D_U4-24" parent="1" style="ellipse;whiteSpace=wrap;html=1;align=center;" value="Title" vertex="1">
          <mxGeometry height="40" width="80" x="1370" y="1500" as="geometry" />
        </mxCell>
        <mxCell id="uyyJSMG4bkGhr9j-D_U4-25" parent="1" style="ellipse;whiteSpace=wrap;html=1;align=center;fontStyle=4;" value="Review_ID" vertex="1">
          <mxGeometry height="40" width="120" x="1280" y="1600" as="geometry" />
        </mxCell>
        <mxCell id="uyyJSMG4bkGhr9j-D_U4-26" edge="1" parent="1" source="uyyJSMG4bkGhr9j-D_U4-27" style="endArrow=none;html=1;rounded=0;exitX=0.5;exitY=0;exitDx=0;exitDy=0;entryX=0.5;entryY=1;entryDx=0;entryDy=0;" target="MtyLRBR5Rtzx75Xx6qSe-193" value="">
          <mxGeometry height="50" relative="1" width="50" as="geometry">
            <mxPoint x="900" y="1180" as="sourcePoint" />
            <mxPoint x="1040" y="1055" as="targetPoint" />
          </mxGeometry>
        </mxCell>
        <mxCell id="uyyJSMG4bkGhr9j-D_U4-27" parent="1" style="whiteSpace=wrap;html=1;align=center;" value="payment_Transaction" vertex="1">
          <mxGeometry height="40" width="130" x="800" y="1210" as="geometry" />
        </mxCell>
        <mxCell id="uyyJSMG4bkGhr9j-D_U4-28" parent="1" style="text;html=1;whiteSpace=wrap;strokeColor=none;fillColor=none;align=center;verticalAlign=middle;rounded=0;" value="1" vertex="1">
          <mxGeometry height="30" width="60" x="880" y="1185" as="geometry" />
        </mxCell>
        <mxCell id="uyyJSMG4bkGhr9j-D_U4-31" edge="1" parent="1" source="uyyJSMG4bkGhr9j-D_U4-40" style="endArrow=none;html=1;rounded=0;entryX=0;entryY=0.75;entryDx=0;entryDy=0;exitX=1;exitY=0.5;exitDx=0;exitDy=0;" target="uyyJSMG4bkGhr9j-D_U4-27" value="">
          <mxGeometry height="50" relative="1" width="50" as="geometry">
            <mxPoint x="770" y="1290" as="sourcePoint" />
            <mxPoint x="800" y="1260" as="targetPoint" />
          </mxGeometry>
        </mxCell>
        <mxCell id="uyyJSMG4bkGhr9j-D_U4-32" edge="1" parent="1" source="uyyJSMG4bkGhr9j-D_U4-36" style="endArrow=none;html=1;rounded=0;entryX=0.75;entryY=1;entryDx=0;entryDy=0;exitX=0;exitY=0;exitDx=0;exitDy=0;" target="uyyJSMG4bkGhr9j-D_U4-27" value="">
          <mxGeometry height="50" relative="1" width="50" as="geometry">
            <mxPoint x="950" y="1310" as="sourcePoint" />
            <mxPoint x="1000" y="1260" as="targetPoint" />
          </mxGeometry>
        </mxCell>
        <mxCell id="uyyJSMG4bkGhr9j-D_U4-33" edge="1" parent="1" source="uyyJSMG4bkGhr9j-D_U4-35" style="endArrow=none;html=1;rounded=0;entryX=1;entryY=1;entryDx=0;entryDy=0;exitX=0;exitY=0;exitDx=0;exitDy=0;" target="uyyJSMG4bkGhr9j-D_U4-27" value="">
          <mxGeometry height="50" relative="1" width="50" as="geometry">
            <mxPoint x="990" y="1300" as="sourcePoint" />
            <mxPoint x="960" y="1260" as="targetPoint" />
          </mxGeometry>
        </mxCell>
        <mxCell id="uyyJSMG4bkGhr9j-D_U4-34" edge="1" parent="1" source="uyyJSMG4bkGhr9j-D_U4-38" style="endArrow=none;html=1;rounded=0;entryX=0.5;entryY=1;entryDx=0;entryDy=0;exitX=1;exitY=0;exitDx=0;exitDy=0;" target="uyyJSMG4bkGhr9j-D_U4-27" value="">
          <mxGeometry height="50" relative="1" width="50" as="geometry">
            <mxPoint x="880" y="1350" as="sourcePoint" />
            <mxPoint x="870" y="1290" as="targetPoint" />
          </mxGeometry>
        </mxCell>
        <mxCell id="uyyJSMG4bkGhr9j-D_U4-35" parent="1" style="ellipse;whiteSpace=wrap;html=1;align=center;" value="Treansaction_date" vertex="1">
          <mxGeometry height="40" width="120" x="990" y="1290" as="geometry" />
        </mxCell>
        <mxCell id="uyyJSMG4bkGhr9j-D_U4-36" parent="1" style="ellipse;whiteSpace=wrap;html=1;align=center;" value="Payment_method" vertex="1">
          <mxGeometry height="40" width="110" x="920" y="1350" as="geometry" />
        </mxCell>
        <mxCell id="uyyJSMG4bkGhr9j-D_U4-38" parent="1" style="ellipse;whiteSpace=wrap;html=1;align=center;fontStyle=4;" value="Transaction_ID" vertex="1">
          <mxGeometry height="40" width="120" x="780" y="1360" as="geometry" />
        </mxCell>
        <mxCell id="uyyJSMG4bkGhr9j-D_U4-39" parent="1" style="text;html=1;whiteSpace=wrap;strokeColor=none;fillColor=none;align=center;verticalAlign=middle;rounded=0;" value="1" vertex="1">
          <mxGeometry height="30" width="60" x="720" y="1275" as="geometry" />
        </mxCell>
        <mxCell id="uyyJSMG4bkGhr9j-D_U4-40" parent="1" style="shape=rhombus;perimeter=rhombusPerimeter;whiteSpace=wrap;html=1;align=center;" value="Correspond" vertex="1">
          <mxGeometry height="60" width="120" x="610" y="1260" as="geometry" />
        </mxCell>
        <mxCell id="uyyJSMG4bkGhr9j-D_U4-41" edge="1" parent="1" source="uyyJSMG4bkGhr9j-D_U4-42" style="endArrow=none;html=1;rounded=0;exitX=0.9;exitY=0.75;exitDx=0;exitDy=0;exitPerimeter=0;entryX=0;entryY=0.5;entryDx=0;entryDy=0;" target="uyyJSMG4bkGhr9j-D_U4-40" value="">
          <mxGeometry height="50" relative="1" width="50" as="geometry">
            <mxPoint x="570" y="1350" as="sourcePoint" />
            <mxPoint x="615" y="1320" as="targetPoint" />
          </mxGeometry>
        </mxCell>
        <mxCell id="uyyJSMG4bkGhr9j-D_U4-42" parent="1" style="whiteSpace=wrap;html=1;align=center;" value="Payment" vertex="1">
          <mxGeometry height="40" width="100" x="460" y="1330" as="geometry" />
        </mxCell>
        <mxCell id="uyyJSMG4bkGhr9j-D_U4-43" parent="1" style="text;html=1;whiteSpace=wrap;strokeColor=none;fillColor=none;align=center;verticalAlign=middle;rounded=0;" value="1" vertex="1">
          <mxGeometry height="30" width="60" x="540" y="1305" as="geometry" />
        </mxCell>
        <mxCell id="uyyJSMG4bkGhr9j-D_U4-44" edge="1" parent="1" source="uyyJSMG4bkGhr9j-D_U4-45" style="endArrow=none;html=1;rounded=0;entryX=0.25;entryY=1;entryDx=0;entryDy=0;exitX=1;exitY=0;exitDx=0;exitDy=0;" target="uyyJSMG4bkGhr9j-D_U4-42" value="">
          <mxGeometry height="50" relative="1" width="50" as="geometry">
            <mxPoint x="460" y="1400" as="sourcePoint" />
            <mxPoint x="470" y="1420" as="targetPoint" />
          </mxGeometry>
        </mxCell>
        <mxCell id="uyyJSMG4bkGhr9j-D_U4-45" parent="1" style="ellipse;whiteSpace=wrap;html=1;align=center;fontStyle=4;" value="Payment_ID" vertex="1">
          <mxGeometry height="40" width="95" x="365" y="1410" as="geometry" />
        </mxCell>
        <mxCell id="uyyJSMG4bkGhr9j-D_U4-46" edge="1" parent="1" source="uyyJSMG4bkGhr9j-D_U4-47" style="endArrow=none;html=1;rounded=0;entryX=0.41;entryY=0.992;entryDx=0;entryDy=0;entryPerimeter=0;exitX=0.623;exitY=0.025;exitDx=0;exitDy=0;exitPerimeter=0;" target="uyyJSMG4bkGhr9j-D_U4-42" value="">
          <mxGeometry height="50" relative="1" width="50" as="geometry">
            <mxPoint x="470" y="1470" as="sourcePoint" />
            <mxPoint x="520" y="1420" as="targetPoint" />
          </mxGeometry>
        </mxCell>
        <mxCell id="uyyJSMG4bkGhr9j-D_U4-47" parent="1" style="ellipse;whiteSpace=wrap;html=1;align=center;" value="Payment_date" vertex="1">
          <mxGeometry height="40" width="100" x="400" y="1460" as="geometry" />
        </mxCell>
        <mxCell id="uyyJSMG4bkGhr9j-D_U4-48" parent="1" style="ellipse;whiteSpace=wrap;html=1;align=center;" value="Payment_status" vertex="1">
          <mxGeometry height="40" width="100" x="600" y="1440" as="geometry" />
        </mxCell>
        <mxCell id="uyyJSMG4bkGhr9j-D_U4-49" parent="1" style="ellipse;whiteSpace=wrap;html=1;align=center;" value="Paid_at" vertex="1">
          <mxGeometry height="40" width="80" x="540" y="1480" as="geometry" />
        </mxCell>
        <mxCell id="uyyJSMG4bkGhr9j-D_U4-50" parent="1" style="ellipse;whiteSpace=wrap;html=1;align=center;" value="Amount" vertex="1">
          <mxGeometry height="40" width="70" x="475" y="1500" as="geometry" />
        </mxCell>
        <mxCell id="uyyJSMG4bkGhr9j-D_U4-51" edge="1" parent="1" source="uyyJSMG4bkGhr9j-D_U4-50" style="endArrow=none;html=1;rounded=0;entryX=0.5;entryY=1;entryDx=0;entryDy=0;exitX=0.5;exitY=0;exitDx=0;exitDy=0;" target="uyyJSMG4bkGhr9j-D_U4-42" value="">
          <mxGeometry height="50" relative="1" width="50" as="geometry">
            <mxPoint x="510" y="1520" as="sourcePoint" />
            <mxPoint x="580" y="1500" as="targetPoint" />
          </mxGeometry>
        </mxCell>
        <mxCell id="uyyJSMG4bkGhr9j-D_U4-52" edge="1" parent="1" source="uyyJSMG4bkGhr9j-D_U4-49" style="endArrow=none;html=1;rounded=0;entryX=0.75;entryY=1;entryDx=0;entryDy=0;exitX=0.5;exitY=0;exitDx=0;exitDy=0;" target="uyyJSMG4bkGhr9j-D_U4-42" value="">
          <mxGeometry height="50" relative="1" width="50" as="geometry">
            <mxPoint x="550" y="1460" as="sourcePoint" />
            <mxPoint x="620" y="1520" as="targetPoint" />
          </mxGeometry>
        </mxCell>
        <mxCell id="uyyJSMG4bkGhr9j-D_U4-53" edge="1" parent="1" source="uyyJSMG4bkGhr9j-D_U4-48" style="endArrow=none;html=1;rounded=0;entryX=0.85;entryY=1.008;entryDx=0;entryDy=0;entryPerimeter=0;exitX=0;exitY=0;exitDx=0;exitDy=0;" target="uyyJSMG4bkGhr9j-D_U4-42" value="">
          <mxGeometry height="50" relative="1" width="50" as="geometry">
            <mxPoint x="600" y="1440" as="sourcePoint" />
            <mxPoint x="560" y="1380" as="targetPoint" />
          </mxGeometry>
        </mxCell>
        <mxCell id="uyyJSMG4bkGhr9j-D_U4-54" parent="1" style="whiteSpace=wrap;html=1;align=center;" value="Product" vertex="1">
          <mxGeometry height="40" width="100" x="280" y="890" as="geometry" />
        </mxCell>
        <mxCell id="uyyJSMG4bkGhr9j-D_U4-55" parent="1" style="ellipse;whiteSpace=wrap;html=1;align=center;fontStyle=4;" value="Product_name" vertex="1">
          <mxGeometry height="40" width="110" x="80" y="960" as="geometry" />
        </mxCell>
        <mxCell id="uyyJSMG4bkGhr9j-D_U4-56" parent="1" style="ellipse;whiteSpace=wrap;html=1;align=center;fontStyle=4;" value="Product_ID" vertex="1">
          <mxGeometry height="40" width="100" x="115" y="900" as="geometry" />
        </mxCell>
        <mxCell id="uyyJSMG4bkGhr9j-D_U4-57" parent="1" style="ellipse;whiteSpace=wrap;html=1;align=center;" value="Product_description" vertex="1">
          <mxGeometry height="40" width="130" x="100" y="1080" as="geometry" />
        </mxCell>
        <mxCell id="uyyJSMG4bkGhr9j-D_U4-58" parent="1" style="ellipse;whiteSpace=wrap;html=1;align=center;" value="Product_price" vertex="1">
          <mxGeometry height="40" width="100" x="130" y="1020" as="geometry" />
        </mxCell>
        <mxCell id="uyyJSMG4bkGhr9j-D_U4-59" parent="1" style="ellipse;whiteSpace=wrap;html=1;align=center;" value="Product_status" vertex="1">
          <mxGeometry height="40" width="100" x="230" y="1090" as="geometry" />
        </mxCell>
        <mxCell id="uyyJSMG4bkGhr9j-D_U4-60" edge="1" parent="1" source="uyyJSMG4bkGhr9j-D_U4-56" style="endArrow=none;html=1;rounded=0;entryX=0;entryY=0.5;entryDx=0;entryDy=0;" target="uyyJSMG4bkGhr9j-D_U4-54" value="">
          <mxGeometry height="50" relative="1" width="50" as="geometry">
            <mxPoint x="210" y="1170" as="sourcePoint" />
            <mxPoint x="290" y="1040" as="targetPoint" />
          </mxGeometry>
        </mxCell>
        <mxCell id="uyyJSMG4bkGhr9j-D_U4-61" edge="1" parent="1" source="uyyJSMG4bkGhr9j-D_U4-55" style="endArrow=none;html=1;rounded=0;exitX=1;exitY=0.5;exitDx=0;exitDy=0;entryX=0;entryY=0.75;entryDx=0;entryDy=0;" target="uyyJSMG4bkGhr9j-D_U4-54" value="">
          <mxGeometry height="50" relative="1" width="50" as="geometry">
            <mxPoint x="210" y="1170" as="sourcePoint" />
            <mxPoint x="260" y="1120" as="targetPoint" />
          </mxGeometry>
        </mxCell>
        <mxCell id="uyyJSMG4bkGhr9j-D_U4-62" edge="1" parent="1" source="uyyJSMG4bkGhr9j-D_U4-58" style="endArrow=none;html=1;rounded=0;entryX=0;entryY=1;entryDx=0;entryDy=0;exitX=0.723;exitY=0.058;exitDx=0;exitDy=0;exitPerimeter=0;" target="uyyJSMG4bkGhr9j-D_U4-54" value="">
          <mxGeometry height="50" relative="1" width="50" as="geometry">
            <mxPoint x="220" y="1070" as="sourcePoint" />
            <mxPoint x="320" y="1050" as="targetPoint" />
          </mxGeometry>
        </mxCell>
        <mxCell id="uyyJSMG4bkGhr9j-D_U4-63" edge="1" parent="1" source="uyyJSMG4bkGhr9j-D_U4-57" style="endArrow=none;html=1;rounded=0;entryX=0.25;entryY=1;entryDx=0;entryDy=0;exitX=1;exitY=0;exitDx=0;exitDy=0;" target="uyyJSMG4bkGhr9j-D_U4-54" value="">
          <mxGeometry height="50" relative="1" width="50" as="geometry">
            <mxPoint x="210" y="1131" as="sourcePoint" />
            <mxPoint x="418" y="1048" as="targetPoint" />
          </mxGeometry>
        </mxCell>
        <mxCell id="uyyJSMG4bkGhr9j-D_U4-64" edge="1" parent="1" source="uyyJSMG4bkGhr9j-D_U4-59" style="endArrow=none;html=1;rounded=0;exitX=0.5;exitY=0;exitDx=0;exitDy=0;" value="">
          <mxGeometry height="50" relative="1" width="50" as="geometry">
            <mxPoint x="210" y="1170" as="sourcePoint" />
            <mxPoint x="320" y="930" as="targetPoint" />
          </mxGeometry>
        </mxCell>
        <mxCell id="uyyJSMG4bkGhr9j-D_U4-65" edge="1" parent="1" source="uyyJSMG4bkGhr9j-D_U4-66" style="endArrow=none;html=1;rounded=0;exitX=0.43;exitY=0.022;exitDx=0;exitDy=0;entryX=0.5;entryY=1;entryDx=0;entryDy=0;exitPerimeter=0;" target="uyyJSMG4bkGhr9j-D_U4-54" value="">
          <mxGeometry height="50" relative="1" width="50" as="geometry">
            <mxPoint x="350" y="1180" as="sourcePoint" />
            <mxPoint x="260" y="1120" as="targetPoint" />
          </mxGeometry>
        </mxCell>
        <mxCell id="uyyJSMG4bkGhr9j-D_U4-66" parent="1" style="ellipse;whiteSpace=wrap;html=1;align=center;" value="Product_brand" vertex="1">
          <mxGeometry height="40" width="100" x="340" y="1080" as="geometry" />
        </mxCell>
        <mxCell id="uyyJSMG4bkGhr9j-D_U4-73" parent="1" style="ellipse;whiteSpace=wrap;html=1;align=center;fontStyle=4;" value="Category_ID" vertex="1">
          <mxGeometry height="40" width="120" x="160" y="580" as="geometry" />
        </mxCell>
        <mxCell id="uyyJSMG4bkGhr9j-D_U4-74" parent="1" style="whiteSpace=wrap;html=1;align=center;" value="Category" vertex="1">
          <mxGeometry height="40" width="100" x="335" y="590" as="geometry" />
        </mxCell>
        <mxCell id="uyyJSMG4bkGhr9j-D_U4-75" parent="1" style="ellipse;whiteSpace=wrap;html=1;align=center;" value="Category_title" vertex="1">
          <mxGeometry height="40" width="100" x="155" y="635" as="geometry" />
        </mxCell>
        <mxCell id="uyyJSMG4bkGhr9j-D_U4-76" edge="1" parent="1" source="uyyJSMG4bkGhr9j-D_U4-74" style="endArrow=none;html=1;rounded=0;exitX=0;exitY=0.5;exitDx=0;exitDy=0;entryX=1;entryY=0.5;entryDx=0;entryDy=0;" target="uyyJSMG4bkGhr9j-D_U4-73" value="">
          <mxGeometry height="50" relative="1" width="50" as="geometry">
            <mxPoint x="345" y="510" as="sourcePoint" />
            <mxPoint x="395" y="460" as="targetPoint" />
          </mxGeometry>
        </mxCell>
        <mxCell id="uyyJSMG4bkGhr9j-D_U4-77" edge="1" parent="1" source="uyyJSMG4bkGhr9j-D_U4-75" style="endArrow=none;html=1;rounded=0;exitX=1;exitY=0;exitDx=0;exitDy=0;entryX=0;entryY=1;entryDx=0;entryDy=0;" target="uyyJSMG4bkGhr9j-D_U4-74" value="">
          <mxGeometry height="50" relative="1" width="50" as="geometry">
            <mxPoint x="345" y="510" as="sourcePoint" />
            <mxPoint x="395" y="460" as="targetPoint" />
          </mxGeometry>
        </mxCell>
        <mxCell id="uyyJSMG4bkGhr9j-D_U4-83" parent="1" style="ellipse;whiteSpace=wrap;html=1;align=center;" value="&lt;span style=&quot;border-bottom: 1px dotted&quot;&gt;Order_item_ID&lt;/span&gt;" vertex="1">
          <mxGeometry height="40" width="100" x="1370" y="1070" as="geometry" />
        </mxCell>
        <mxCell id="RU8KuaXCyOJfWtcGadtM-1" parent="1" style="ellipse;whiteSpace=wrap;html=1;align=center;" value="password" vertex="1">
          <mxGeometry height="40" width="110" x="930" y="360" as="geometry" />
        </mxCell>
        <mxCell id="RU8KuaXCyOJfWtcGadtM-2" edge="1" parent="1" source="MtyLRBR5Rtzx75Xx6qSe-84" style="endArrow=none;html=1;rounded=0;exitX=0.75;exitY=0;exitDx=0;exitDy=0;entryX=0;entryY=0.5;entryDx=0;entryDy=0;" target="RU8KuaXCyOJfWtcGadtM-1" value="">
          <mxGeometry height="50" relative="1" width="50" as="geometry">
            <mxPoint x="900" y="410" as="sourcePoint" />
            <mxPoint x="932" y="360" as="targetPoint" />
          </mxGeometry>
        </mxCell>
      </root>
    </mxGraphModel>
  </diagram>
</mxfile>
